SCIMGroupName,Description,SecurityRole1,SecurityRole2,SecurityRole3,SecurityRole4,SecurityRole5,SecurityRole6,FunctionalSecurityRole1
SG-APP-M3-APApprover,SG-APP-M3-PRD-APApprover,HOMEPAGES-User,IDM-RelatedInformationUser,IDM-User,Infor-SuiteUser,MingleEnterprise,MingleIONEnabled,WSAssetAcct_FSR
SG-APP-M3-APInquiry,SG-APP-M3-APInquiry,,,,,,,
SG-APP-M3-APInvoiceMaint,SG-APP-M3-APInvoiceMaint,,,,,,,
SG-APP-M3-APMasterDataMaint,SG-APP-M3-APMasterDataMaint,,,,,,,
SG-APP-M3-ARInquiry,SG-APP-M3-ARInquiry,,,,,,,
SG-APP-M3-ARMasterDataMaint,SG-APP-M3-ARMasterDataMaint,,,,,,,
SG-APP-M3-BankInquiry,SG-APP-M3-BankInquiry,,,,,,,
SG-APP-M3-BankMaint,SG-APP-M3-BankMaint,,,,,,,
SG-APP-M3-COInquiry,SG-APP-M3-COInquiry,,,,,,,
SG-APP-M3-COMaint,SG-APP-M3-COMaint,,,,,,,
SG-APP-M3-DIV-AE-ALL,SG-APP-M3-DIV-AE-ALL,,,,,,,
SG-APP-M3-DIV-AU-ALL,SG-APP-M3-DIV-AU-ALL,,,,,,,
SG-APP-M3-DIV-AW-ALL,SG-APP-M3-DIV-AW-ALL,,,,,,,
SG-APP-M3-DIV-BA-ALL,SG-APP-M3-DIV-BA-ALL,,,,,,,
SG-APP-M3-DIV-BB-ALL,SG-APP-M3-DIV-BB-ALL,,,,,,,
SG-APP-M3-DIV-BM-ALL,SG-APP-M3-DIV-BM-ALL,,,,,,,
SG-APP-M3-DIV-BR-ALL,SG-APP-M3-DIV-BR-ALL,,,,,,,
SG-APP-M3-DIV-CA-ALL,SG-APP-M3-DIV-CA-ALL,,,,,,,
SG-APP-M3-DIV-CH-ALL,SG-APP-M3-DIV-CH-ALL,,,,,,,
SG-APP-M3-DIV-CM-ALL,SG-APP-M3-DIV-CM-ALL,,,,,,,
SG-APP-M3-DIV-CY-ALL,SG-APP-M3-DIV-CY-ALL,,,,,,,
SG-APP-M3-DIV-DK-ALL,SG-APP-M3-DIV-DK-ALL,,,,,,,
SG-APP-M3-DIV-GH-ALL,SG-APP-M3-DIV-GH-ALL,,,,,,,
SG-APP-M3-DIV-GO-ALL,SG-APP-M3-DIV-GO-ALL,,,,,,,
SG-APP-M3-DIV-GO-EUR,SG-APP-M3-DIV-GO-EUR,,,,,,,
SG-APP-M3-DIV-GO-FIN,SG-APP-M3-DIV-GO-FIN,,,,,,,
SG-APP-M3-DIV-IE-ALL,SG-APP-M3-DIV-IE-ALL,,,,,,,
SG-APP-M3-DIV-KY-ALL,SG-APP-M3-DIV-KY-ALL,,,,,,,
SG-APP-M3-DIV-KZ-ALL,SG-APP-M3-DIV-KZ-ALL,,,,,,,
SG-APP-M3-DIV-LU-ALL,SG-APP-M3-DIV-LU-ALL,,,,,,,
SG-APP-M3-DIV-MA-ALL,SG-APP-M3-DIV-MA-ALL,,,,,,,
SG-APP-M3-DIV-MX-ALL,SG-APP-M3-DIV-MX-ALL,,,,,,,
SG-APP-M3-DIV-NG-ALL,SG-APP-M3-DIV-NG-ALL,,,,,,,
SG-APP-M3-DIV-NL-ALL,SG-APP-M3-DIV-NL-ALL,,,,,,,
SG-APP-M3-DIV-NO-ALL,SG-APP-M3-DIV-NO-ALL,,,,,,,
SG-APP-M3-DIV-NO-H1,SG-APP-M3-DIV-NO-H1,,,,,,,
SG-APP-M3-DIV-NO-HS,SG-APP-M3-DIV-NO-HS,,,,,,,
SG-APP-M3-DIV-NZ-ALL,SG-APP-M3-DIV-NZ-ALL,,,,,,,
SG-APP-M3-DIV-PL-ALL,SG-APP-M3-DIV-PL-ALL,,,,,,,
SG-APP-M3-DIV-RO-ALL,SG-APP-M3-DIV-RO-ALL,,,,,,,
SG-APP-M3-DIV-TD-ALL,SG-APP-M3-DIV-TD-ALL,,,,,,,
SG-APP-M3-DIV-TH-ALL,SG-APP-M3-DIV-TH-ALL,,,,,,,
SG-APP-M3-DIV-TR-ALL,SG-APP-M3-DIV-TR-ALL,,,,,,,
SG-APP-M3-DIV-TZ-ALL,SG-APP-M3-DIV-TZ-ALL,,,,,,,
SG-APP-M3-DIV-UK-ALL,SG-APP-M3-DIV-UK-ALL,,,,,,,
SG-APP-M3-DIV-US-ALL,SG-APP-M3-DIV-US-ALL,,,,,,,
SG-APP-M3-DIV-ZA-ALL,SG-APP-M3-DIV-ZA-ALL,,,,,,,
SG-APP-M3-FAInquiry,SG-APP-M3-FAInquiry,,,,,,,
SG-APP-M3-FAMasterDataMaint,SG-APP-M3-FAMasterDataMaint,,,,,,,
SG-APP-M3-FunctionalSupport,SG-APP-M3-FunctionalSupport,,,,,,,
SG-APP-M3-GLInquiry,SG-APP-M3-GLInquiry,,,,,,,
SG-APP-M3-GLMasterDataMaint,SG-APP-M3-GLMasterDataMaint,,,,,,,
SG-APP-M3-GLTransactionMaint,SG-APP-M3-GLTransactionMaint,,,,,,,
SG-APP-M3-InventoryMaint,SG-APP-M3-InventoryMaint,,,,,,,
SG-APP-M3-POInquiry,SG-APP-M3-POInquiry,,,,,,,
SG-APP-M3-POMaint,SG-APP-M3-POMaint,,,,,,,
SG-APP-M3-POReceiver,SG-APP-M3-POReceiver,,,,,,,
