Name,Description,EmailId
APPOST,Accounts Payable - Invoice & Payment Posting,AACHILLE,
APPOST,Accounts Payable - Invoice & Payment Posting,AAMARTIN,
APPOST,Accounts Payable - Invoice & Payment Posting,ABALDONADO,
APPOST,Accounts Payable - Invoice & Payment Posting,ABANNON,
APPOST,Accounts Payable - Invoice & Payment Posting,ABRYLINS,
APPOST,Accounts Payable - Invoice & Payment Posting,ACASTRO,
APPOST,Accounts Payable - Invoice & Payment Posting,ADATKHIL,
APPOST,Accounts Payable - Invoice & Payment Posting,ADUBEY,
APPOST,Accounts Payable - Invoice & Payment Posting,AEBERHAR,
APPOST,Accounts Payable - Invoice & Payment Posting,AHUDANI,
APPOST,Accounts Payable - Invoice & Payment Posting,AJAKOBSSON,
APPOST,Accounts Payable - Invoice & Payment Posting,AKANDWAL,
APPOST,Accounts Payable - Invoice & Payment Posting,AKAZI,
APPOST,Accounts Payable - Invoice & Payment Posting,AKHAKIMO,
APPOST,Accounts Payable - Invoice & Payment Posting,AKORDE,
APPOST,Accounts Payable - Invoice & Payment Posting,AKOT,
APPOST,Accounts Payable - Invoice & Payment Posting,AKUDEKAR,
APPOST,Accounts Payable - Invoice & Payment Posting,ALARSEN,
APPOST,Accounts Payable - Invoice & Payment Posting,ALAU,
APPOST,Accounts Payable - Invoice & Payment Posting,AMORENO,
APPOST,Accounts Payable - Invoice & Payment Posting,ANIEKERK,
APPOST,Accounts Payable - Invoice & Payment Posting,ANSOUZA,
APPOST,Accounts Payable - Invoice & Payment Posting,AREWERA,
APPOST,Accounts Payable - Invoice & Payment Posting,ARICHARDS,
APPOST,Accounts Payable - Invoice & Payment Posting,ASARTAPE,
APPOST,Accounts Payable - Invoice & Payment Posting,ASELLARS,
APPOST,Accounts Payable - Invoice & Payment Posting,ASOUZA,
APPOST,Accounts Payable - Invoice & Payment Posting,ASTAYLOR,
APPOST,Accounts Payable - Invoice & Payment Posting,ASUMAIYA,
APPOST,Accounts Payable - Invoice & Payment Posting,ASZUBERL,
APPOST,Accounts Payable - Invoice & Payment Posting,BABRIDGF,
APPOST,Accounts Payable - Invoice & Payment Posting,BARK,
APPOST,Accounts Payable - Invoice & Payment Posting,BAULIK,
APPOST,Accounts Payable - Invoice & Payment Posting,BBRETHER,
APPOST,Accounts Payable - Invoice & Payment Posting,BCAR,
APPOST,Accounts Payable - Invoice & Payment Posting,BCLARK,
APPOST,Accounts Payable - Invoice & Payment Posting,BEHESS,
APPOST,Accounts Payable - Invoice & Payment Posting,BFERREIRA,
APPOST,Accounts Payable - Invoice & Payment Posting,BHORN,
APPOST,Accounts Payable - Invoice & Payment Posting,BKISCH,
APPOST,Accounts Payable - Invoice & Payment Posting,BNICHOLL,
APPOST,Accounts Payable - Invoice & Payment Posting,BPOST,
APPOST,Accounts Payable - Invoice & Payment Posting,BSILVA,
APPOST,Accounts Payable - Invoice & Payment Posting,BSTEINSE,
APPOST,Accounts Payable - Invoice & Payment Posting,BSTUSIK,
APPOST,Accounts Payable - Invoice & Payment Posting,BTERSTEGE,
APPOST,Accounts Payable - Invoice & Payment Posting,CCOPELAN,
APPOST,Accounts Payable - Invoice & Payment Posting,CCRUMP,
APPOST,Accounts Payable - Invoice & Payment Posting,CDIXON,
APPOST,Accounts Payable - Invoice & Payment Posting,CFORSYTH,
APPOST,Accounts Payable - Invoice & Payment Posting,CGAULIER,
APPOST,Accounts Payable - Invoice & Payment Posting,CHARDERS,
APPOST,Accounts Payable - Invoice & Payment Posting,CLAWSON,
APPOST,Accounts Payable - Invoice & Payment Posting,CMCCARRON,
APPOST,Accounts Payable - Invoice & Payment Posting,CMCCULLOCH,
APPOST,Accounts Payable - Invoice & Payment Posting,CMONTILL,
APPOST,Accounts Payable - Invoice & Payment Posting,COCONNEL,
APPOST,Accounts Payable - Invoice & Payment Posting,COMITCHE,
APPOST,Accounts Payable - Invoice & Payment Posting,CROSA,
APPOST,Accounts Payable - Invoice & Payment Posting,CTHOM,
APPOST,Accounts Payable - Invoice & Payment Posting,CTORKELSEN,
APPOST,Accounts Payable - Invoice & Payment Posting,CVIRGENS,
APPOST,Accounts Payable - Invoice & Payment Posting,CWASKEY,
APPOST,Accounts Payable - Invoice & Payment Posting,DAGRANT,
APPOST,Accounts Payable - Invoice & Payment Posting,DANMACLEAN,
APPOST,Accounts Payable - Invoice & Payment Posting,DAWALKER,
APPOST,Accounts Payable - Invoice & Payment Posting,DDALVI,
APPOST,Accounts Payable - Invoice & Payment Posting,DDVALVI,
APPOST,Accounts Payable - Invoice & Payment Posting,DEBRADLE,
APPOST,Accounts Payable - Invoice & Payment Posting,DFLAKEMO,
APPOST,Accounts Payable - Invoice & Payment Posting,DGLENNIE,
APPOST,Accounts Payable - Invoice & Payment Posting,DGROENEV,
APPOST,Accounts Payable - Invoice & Payment Posting,DGUASTAL,
APPOST,Accounts Payable - Invoice & Payment Posting,DHALYS,
APPOST,Accounts Payable - Invoice & Payment Posting,DLOS,
APPOST,Accounts Payable - Invoice & Payment Posting,DNEWLAND,
APPOST,Accounts Payable - Invoice & Payment Posting,DPANGILI,
APPOST,Accounts Payable - Invoice & Payment Posting,DRICHES,
APPOST,Accounts Payable - Invoice & Payment Posting,DWU,
APPOST,Accounts Payable - Invoice & Payment Posting,DYYANG,
APPOST,Accounts Payable - Invoice & Payment Posting,EBJORNA,
APPOST,Accounts Payable - Invoice & Payment Posting,EBLIKRA,
APPOST,Accounts Payable - Invoice & Payment Posting,EBRAINWO,
APPOST,Accounts Payable - Invoice & Payment Posting,EFORTUS,
APPOST,Accounts Payable - Invoice & Payment Posting,EFRANCO,
APPOST,Accounts Payable - Invoice & Payment Posting,EGUILLOT,
APPOST,Accounts Payable - Invoice & Payment Posting,EHERVIK,
APPOST,Accounts Payable - Invoice & Payment Posting,EICAMPBE,
APPOST,Accounts Payable - Invoice & Payment Posting,EKLINGAN,
APPOST,Accounts Payable - Invoice & Payment Posting,EKOOLS,
APPOST,Accounts Payable - Invoice & Payment Posting,EMGATLEY,
APPOST,Accounts Payable - Invoice & Payment Posting,EMITCHELL,
APPOST,Accounts Payable - Invoice & Payment Posting,ENORDBY,
APPOST,Accounts Payable - Invoice & Payment Posting,FANDRESE,
APPOST,Accounts Payable - Invoice & Payment Posting,FASANTOS,
APPOST,Accounts Payable - Invoice & Payment Posting,FDATHEST,
APPOST,Accounts Payable - Invoice & Payment Posting,FDENHELDER,
APPOST,Accounts Payable - Invoice & Payment Posting,FNGAN,
APPOST,Accounts Payable - Invoice & Payment Posting,FRESILVA,
APPOST,Accounts Payable - Invoice & Payment Posting,GBARROS,
APPOST,Accounts Payable - Invoice & Payment Posting,GBRANTING,
APPOST,Accounts Payable - Invoice & Payment Posting,GCHRISTIAN,
APPOST,Accounts Payable - Invoice & Payment Posting,GESCARAY,
APPOST,Accounts Payable - Invoice & Payment Posting,GIJUNIOR,
APPOST,Accounts Payable - Invoice & Payment Posting,GJACKSON,
APPOST,Accounts Payable - Invoice & Payment Posting,GJOHANSE,
APPOST,Accounts Payable - Invoice & Payment Posting,GJOHNSEN,
APPOST,Accounts Payable - Invoice & Payment Posting,GRBOWLES,
APPOST,Accounts Payable - Invoice & Payment Posting,GSCHREUD,
APPOST,Accounts Payable - Invoice & Payment Posting,GSKJERSE,
APPOST,Accounts Payable - Invoice & Payment Posting,GTORGERS,
APPOST,Accounts Payable - Invoice & Payment Posting,HBEAMES,
APPOST,Accounts Payable - Invoice & Payment Posting,HBOS,
APPOST,Accounts Payable - Invoice & Payment Posting,HBRINGSV,
APPOST,Accounts Payable - Invoice & Payment Posting,HFJELD,
APPOST,Accounts Payable - Invoice & Payment Posting,HGAASKJE,
APPOST,Accounts Payable - Invoice & Payment Posting,HKLEPPE,
APPOST,Accounts Payable - Invoice & Payment Posting,HKRANENB,
APPOST,Accounts Payable - Invoice & Payment Posting,HNESVAG,
APPOST,Accounts Payable - Invoice & Payment Posting,HPARMAR,
APPOST,Accounts Payable - Invoice & Payment Posting,HPATIL,
APPOST,Accounts Payable - Invoice & Payment Posting,HSANDERSEN,
APPOST,Accounts Payable - Invoice & Payment Posting,INLOLAND,
APPOST,Accounts Payable - Invoice & Payment Posting,IOVERLAND,
APPOST,Accounts Payable - Invoice & Payment Posting,IVESELOVSK,
APPOST,Accounts Payable - Invoice & Payment Posting,JALEE,
APPOST,Accounts Payable - Invoice & Payment Posting,JAYPORTE,
APPOST,Accounts Payable - Invoice & Payment Posting,JBURROWS,
APPOST,Accounts Payable - Invoice & Payment Posting,JBUSTOS,
APPOST,Accounts Payable - Invoice & Payment Posting,JCEGIELS,
APPOST,Accounts Payable - Invoice & Payment Posting,JCONCEPC,
APPOST,Accounts Payable - Invoice & Payment Posting,JECOOPER,
APPOST,Accounts Payable - Invoice & Payment Posting,JEIKE,
APPOST,Accounts Payable - Invoice & Payment Posting,JFOK,
APPOST,Accounts Payable - Invoice & Payment Posting,JGUDMESTAD,
APPOST,Accounts Payable - Invoice & Payment Posting,JHOPKINSON,
APPOST,Accounts Payable - Invoice & Payment Posting,JKANESTR,
APPOST,Accounts Payable - Invoice & Payment Posting,JKOBYLIN,
APPOST,Accounts Payable - Invoice & Payment Posting,JKUPCZAK,
APPOST,Accounts Payable - Invoice & Payment Posting,JLADIPAO,
APPOST,Accounts Payable - Invoice & Payment Posting,JLOGAN,
APPOST,Accounts Payable - Invoice & Payment Posting,JMEERSBE,
APPOST,Accounts Payable - Invoice & Payment Posting,JNIELSEN,
APPOST,Accounts Payable - Invoice & Payment Posting,JNORDERHAU,
APPOST,Accounts Payable - Invoice & Payment Posting,JOLIN,
APPOST,Accounts Payable - Invoice & Payment Posting,JOMARTIN,
APPOST,Accounts Payable - Invoice & Payment Posting,JROZYCKA,
APPOST,Accounts Payable - Invoice & Payment Posting,JRUSSELL,
APPOST,Accounts Payable - Invoice & Payment Posting,JSANTOS,
APPOST,Accounts Payable - Invoice & Payment Posting,JSECKEL,
APPOST,Accounts Payable - Invoice & Payment Posting,JSETSA,
APPOST,Accounts Payable - Invoice & Payment Posting,JTENGBER,
APPOST,Accounts Payable - Invoice & Payment Posting,JUANDREW,
APPOST,Accounts Payable - Invoice & Payment Posting,JWOODING,
APPOST,Accounts Payable - Invoice & Payment Posting,KASANTOS,
APPOST,Accounts Payable - Invoice & Payment Posting,KASTEWAR,
APPOST,Accounts Payable - Invoice & Payment Posting,KAUTH,
APPOST,Accounts Payable - Invoice & Payment Posting,KAWALSH,
APPOST,Accounts Payable - Invoice & Payment Posting,KBRIGGS,
APPOST,Accounts Payable - Invoice & Payment Posting,KCHOHAN,
APPOST,Accounts Payable - Invoice & Payment Posting,KEWILLIAMS,
APPOST,Accounts Payable - Invoice & Payment Posting,KGAWANDE,
APPOST,Accounts Payable - Invoice & Payment Posting,KGJELVIK,
APPOST,Accounts Payable - Invoice & Payment Posting,KHENDZEL,
APPOST,Accounts Payable - Invoice & Payment Posting,KJANTOSZ,
APPOST,Accounts Payable - Invoice & Payment Posting,KKINDEN,
APPOST,Accounts Payable - Invoice & Payment Posting,KKORNEVA,
APPOST,Accounts Payable - Invoice & Payment Posting,KLI,
APPOST,Accounts Payable - Invoice & Payment Posting,KLUNDIN,
APPOST,Accounts Payable - Invoice & Payment Posting,KMACDONA,
APPOST,Accounts Payable - Invoice & Payment Posting,KMYKKELT,
APPOST,Accounts Payable - Invoice & Payment Posting,KNATTERO,
APPOST,Accounts Payable - Invoice & Payment Posting,KPHUNG,
APPOST,Accounts Payable - Invoice & Payment Posting,KRIDA,
APPOST,Accounts Payable - Invoice & Payment Posting,KRISPAGE,
APPOST,Accounts Payable - Invoice & Payment Posting,KSPENGLE,
APPOST,Accounts Payable - Invoice & Payment Posting,KTKATCHE,
APPOST,Accounts Payable - Invoice & Payment Posting,KULTRA,
APPOST,Accounts Payable - Invoice & Payment Posting,KWILLIS,
APPOST,Accounts Payable - Invoice & Payment Posting,KWONG,
APPOST,Accounts Payable - Invoice & Payment Posting,LANDERSO,
APPOST,Accounts Payable - Invoice & Payment Posting,LANFINSEN,
APPOST,Accounts Payable - Invoice & Payment Posting,LBRANDAO,
APPOST,Accounts Payable - Invoice & Payment Posting,LCHHABRA,
APPOST,Accounts Payable - Invoice & Payment Posting,LCOOMAN,
APPOST,Accounts Payable - Invoice & Payment Posting,LCOWIE,
APPOST,Accounts Payable - Invoice & Payment Posting,LDEGREEF,
APPOST,Accounts Payable - Invoice & Payment Posting,LDEVINE,
APPOST,Accounts Payable - Invoice & Payment Posting,LDICKSON,
APPOST,Accounts Payable - Invoice & Payment Posting,LDUNCAN,
APPOST,Accounts Payable - Invoice & Payment Posting,LEEUWE02,
APPOST,Accounts Payable - Invoice & Payment Posting,LGRAVES,
APPOST,Accounts Payable - Invoice & Payment Posting,LHODGSON,
APPOST,Accounts Payable - Invoice & Payment Posting,LKOZIK,
APPOST,Accounts Payable - Invoice & Payment Posting,LSIM,
APPOST,Accounts Payable - Invoice & Payment Posting,LTORKELS,
APPOST,Accounts Payable - Invoice & Payment Posting,LTUTIN,
APPOST,Accounts Payable - Invoice & Payment Posting,LVALANI,
APPOST,Accounts Payable - Invoice & Payment Posting,LVANSON,
APPOST,Accounts Payable - Invoice & Payment Posting,LVELINCA,
APPOST,Accounts Payable - Invoice & Payment Posting,LVIERA,
APPOST,Accounts Payable - Invoice & Payment Posting,LWATT,
APPOST,Accounts Payable - Invoice & Payment Posting,LWOOD,
APPOST,Accounts Payable - Invoice & Payment Posting,LXIE,
APPOST,Accounts Payable - Invoice & Payment Posting,MAGILL,
APPOST,Accounts Payable - Invoice & Payment Posting,MAJONES,
APPOST,Accounts Payable - Invoice & Payment Posting,MAMATONG,
APPOST,Accounts Payable - Invoice & Payment Posting,MBALAS,
APPOST,Accounts Payable - Invoice & Payment Posting,MBATOR,
APPOST,Accounts Payable - Invoice & Payment Posting,MBENNETTS,
APPOST,Accounts Payable - Invoice & Payment Posting,MCARRAS,
APPOST,Accounts Payable - Invoice & Payment Posting,MCATLIN,
APPOST,Accounts Payable - Invoice & Payment Posting,MCHOI,
APPOST,Accounts Payable - Invoice & Payment Posting,MCLAYDON,
APPOST,Accounts Payable - Invoice & Payment Posting,MCOUTINHO,
APPOST,Accounts Payable - Invoice & Payment Posting,MDAGGER,
APPOST,Accounts Payable - Invoice & Payment Posting,MDAYAPER,
APPOST,Accounts Payable - Invoice & Payment Posting,MDEAN,
APPOST,Accounts Payable - Invoice & Payment Posting,MGARRING,
APPOST,Accounts Payable - Invoice & Payment Posting,MGOTTSCH,
APPOST,Accounts Payable - Invoice & Payment Posting,MHAGEMAN,
APPOST,Accounts Payable - Invoice & Payment Posting,MHIZONA,
APPOST,Accounts Payable - Invoice & Payment Posting,MISOTO,
APPOST,Accounts Payable - Invoice & Payment Posting,MJOHANNE,
APPOST,Accounts Payable - Invoice & Payment Posting,MJOHANSEN,
APPOST,Accounts Payable - Invoice & Payment Posting,MJOPSON,
APPOST,Accounts Payable - Invoice & Payment Posting,MJUBB,
APPOST,Accounts Payable - Invoice & Payment Posting,MKEPA,
APPOST,Accounts Payable - Invoice & Payment Posting,MKIM,
APPOST,Accounts Payable - Invoice & Payment Posting,MKOGUT,
APPOST,Accounts Payable - Invoice & Payment Posting,MLUDWINI,
APPOST,Accounts Payable - Invoice & Payment Posting,MMAYNE,
APPOST,Accounts Payable - Invoice & Payment Posting,MPERREN,
APPOST,Accounts Payable - Invoice & Payment Posting,MPRIESTL,
APPOST,Accounts Payable - Invoice & Payment Posting,MPRIVATTI,
APPOST,Accounts Payable - Invoice & Payment Posting,MQUIRKE,
APPOST,Accounts Payable - Invoice & Payment Posting,MRAMOS,
APPOST,Accounts Payable - Invoice & Payment Posting,MSANSALI,
APPOST,Accounts Payable - Invoice & Payment Posting,NALVARES,
APPOST,Accounts Payable - Invoice & Payment Posting,NBADRINA,
APPOST,Accounts Payable - Invoice & Payment Posting,NBONIFACIO,
APPOST,Accounts Payable - Invoice & Payment Posting,NGILCHRI,
APPOST,Accounts Payable - Invoice & Payment Posting,NKATHE,
APPOST,Accounts Payable - Invoice & Payment Posting,NKERR,
APPOST,Accounts Payable - Invoice & Payment Posting,NKOLNES,
APPOST,Accounts Payable - Invoice & Payment Posting,NNUGRHA,
APPOST,Accounts Payable - Invoice & Payment Posting,NPARK,
APPOST,Accounts Payable - Invoice & Payment Posting,NRACIC,
APPOST,Accounts Payable - Invoice & Payment Posting,NROSS,
APPOST,Accounts Payable - Invoice & Payment Posting,NVROON,
APPOST,Accounts Payable - Invoice & Payment Posting,ODANGMAL,
APPOST,Accounts Payable - Invoice & Payment Posting,OGRABI,
APPOST,Accounts Payable - Invoice & Payment Posting,OMAGBANUA,
APPOST,Accounts Payable - Invoice & Payment Posting,OMULIK,
APPOST,Accounts Payable - Invoice & Payment Posting,OOKUESO,
APPOST,Accounts Payable - Invoice & Payment Posting,OOSTEBO,
APPOST,Accounts Payable - Invoice & Payment Posting,PANDERSON,
APPOST,Accounts Payable - Invoice & Payment Posting,PDENTON,
APPOST,Accounts Payable - Invoice & Payment Posting,PGAVIN,
APPOST,Accounts Payable - Invoice & Payment Posting,PGUASTAL,
APPOST,Accounts Payable - Invoice & Payment Posting,PIRSILVA,
APPOST,Accounts Payable - Invoice & Payment Posting,PKHONGPAN,
APPOST,Accounts Payable - Invoice & Payment Posting,PLESLIE,
APPOST,Accounts Payable - Invoice & Payment Posting,PLINGEN,
APPOST,Accounts Payable - Invoice & Payment Posting,PPRESSLI,
APPOST,Accounts Payable - Invoice & Payment Posting,PREN,
APPOST,Accounts Payable - Invoice & Payment Posting,PSMITHERAM,
APPOST,Accounts Payable - Invoice & Payment Posting,PVATTOY,
APPOST,Accounts Payable - Invoice & Payment Posting,QHERGAAR,
APPOST,Accounts Payable - Invoice & Payment Posting,RABATISTA,
APPOST,Accounts Payable - Invoice & Payment Posting,RADAMS,
APPOST,Accounts Payable - Invoice & Payment Posting,RAJKUMAR,
APPOST,Accounts Payable - Invoice & Payment Posting,RAKPADAD,
APPOST,Accounts Payable - Invoice & Payment Posting,RALBERG,
APPOST,Accounts Payable - Invoice & Payment Posting,RCARAGOUNI,
APPOST,Accounts Payable - Invoice & Payment Posting,RCHANNA,
APPOST,Accounts Payable - Invoice & Payment Posting,RDESAY,
APPOST,Accounts Payable - Invoice & Payment Posting,RDURGADE,
APPOST,Accounts Payable - Invoice & Payment Posting,REATON,
APPOST,Accounts Payable - Invoice & Payment Posting,RGURSLI,
APPOST,Accounts Payable - Invoice & Payment Posting,RHALILI,
APPOST,Accounts Payable - Invoice & Payment Posting,RHINONG,
APPOST,Accounts Payable - Invoice & Payment Posting,RHOLSTAD,
APPOST,Accounts Payable - Invoice & Payment Posting,RJADHAV,
APPOST,Accounts Payable - Invoice & Payment Posting,RJAMES,
APPOST,Accounts Payable - Invoice & Payment Posting,RLIANG,
APPOST,Accounts Payable - Invoice & Payment Posting,RLONG,
APPOST,Accounts Payable - Invoice & Payment Posting,RMONTES,
APPOST,Accounts Payable - Invoice & Payment Posting,RMUYO,
APPOST,Accounts Payable - Invoice & Payment Posting,RNANHEKHAN,
APPOST,Accounts Payable - Invoice & Payment Posting,ROSTERHU,
APPOST,Accounts Payable - Invoice & Payment Posting,RPAIVA,
APPOST,Accounts Payable - Invoice & Payment Posting,RSANPEDRO,
APPOST,Accounts Payable - Invoice & Payment Posting,RSTURT,
APPOST,Accounts Payable - Invoice & Payment Posting,RTALLAKS,
APPOST,Accounts Payable - Invoice & Payment Posting,RTATTEN,
APPOST,Accounts Payable - Invoice & Payment Posting,RTATUM,
APPOST,Accounts Payable - Invoice & Payment Posting,RTUMAGAN,
APPOST,Accounts Payable - Invoice & Payment Posting,RVANSCHIJN,
APPOST,Accounts Payable - Invoice & Payment Posting,RWALLACE,
APPOST,Accounts Payable - Invoice & Payment Posting,RWEENING,
APPOST,Accounts Payable - Invoice & Payment Posting,SCONROY,
APPOST,Accounts Payable - Invoice & Payment Posting,SENGER,
APPOST,Accounts Payable - Invoice & Payment Posting,SESPELAN,
APPOST,Accounts Payable - Invoice & Payment Posting,SGANDHIR,
APPOST,Accounts Payable - Invoice & Payment Posting,SGASKELL,
APPOST,Accounts Payable - Invoice & Payment Posting,SGOWDA,
APPOST,Accounts Payable - Invoice & Payment Posting,SHOGGATT,
APPOST,Accounts Payable - Invoice & Payment Posting,SIW,
APPOST,Accounts Payable - Invoice & Payment Posting,SJENNING,
APPOST,Accounts Payable - Invoice & Payment Posting,SJOHNY,
APPOST,Accounts Payable - Invoice & Payment Posting,SKALASAP,
APPOST,Accounts Payable - Invoice & Payment Posting,SKELLY,
APPOST,Accounts Payable - Invoice & Payment Posting,SKONING,
APPOST,Accounts Payable - Invoice & Payment Posting,SLENGHE,
APPOST,Accounts Payable - Invoice & Payment Posting,SLOHR,
APPOST,Accounts Payable - Invoice & Payment Posting,SLOUIE,
APPOST,Accounts Payable - Invoice & Payment Posting,SMACHLIK,
APPOST,Accounts Payable - Invoice & Payment Posting,SMARKWICK,
APPOST,Accounts Payable - Invoice & Payment Posting,SMARQUES,
APPOST,Accounts Payable - Invoice & Payment Posting,SNPAWAR,
APPOST,Accounts Payable - Invoice & Payment Posting,SOSLAND,
APPOST,Accounts Payable - Invoice & Payment Posting,SPATIL,
APPOST,Accounts Payable - Invoice & Payment Posting,SPAWAR,
APPOST,Accounts Payable - Invoice & Payment Posting,SRANGARAJA,
APPOST,Accounts Payable - Invoice & Payment Posting,SSEBULON,
APPOST,Accounts Payable - Invoice & Payment Posting,SSEKHON,
APPOST,Accounts Payable - Invoice & Payment Posting,SSHINDE,
APPOST,Accounts Payable - Invoice & Payment Posting,STCOLLIN,
APPOST,Accounts Payable - Invoice & Payment Posting,STEIXEIR,
APPOST,Accounts Payable - Invoice & Payment Posting,STHOMPSON,
APPOST,Accounts Payable - Invoice & Payment Posting,SUGREEN,
APPOST,Accounts Payable - Invoice & Payment Posting,SUJOSHI,
APPOST,Accounts Payable - Invoice & Payment Posting,TBASS,
APPOST,Accounts Payable - Invoice & Payment Posting,TBROUWER,
APPOST,Accounts Payable - Invoice & Payment Posting,TBURROUG,
APPOST,Accounts Payable - Invoice & Payment Posting,TCONCEIC,
APPOST,Accounts Payable - Invoice & Payment Posting,TCOSTA,
APPOST,Accounts Payable - Invoice & Payment Posting,TFREDRIK,
APPOST,Accounts Payable - Invoice & Payment Posting,THBAUSTAD,
APPOST,Accounts Payable - Invoice & Payment Posting,THJAKOBSEN,
APPOST,Accounts Payable - Invoice & Payment Posting,TIMCOX,
APPOST,Accounts Payable - Invoice & Payment Posting,TJANSSEN,
APPOST,Accounts Payable - Invoice & Payment Posting,TLAING,
APPOST,Accounts Payable - Invoice & Payment Posting,TMCCABE,
APPOST,Accounts Payable - Invoice & Payment Posting,TOKING,
APPOST,Accounts Payable - Invoice & Payment Posting,TOLSON01,
APPOST,Accounts Payable - Invoice & Payment Posting,TRMALBY,
APPOST,Accounts Payable - Invoice & Payment Posting,TROSENBERG,
APPOST,Accounts Payable - Invoice & Payment Posting,TTHOMASSEN,
APPOST,Accounts Payable - Invoice & Payment Posting,TVILLARD,
APPOST,Accounts Payable - Invoice & Payment Posting,UPATIL,
APPOST,Accounts Payable - Invoice & Payment Posting,URITAB,
APPOST,Accounts Payable - Invoice & Payment Posting,VASOUZA,
APPOST,Accounts Payable - Invoice & Payment Posting,VGRIMSLI,
APPOST,Accounts Payable - Invoice & Payment Posting,VISILVA,
APPOST,Accounts Payable - Invoice & Payment Posting,VJADHAV,
APPOST,Accounts Payable - Invoice & Payment Posting,VLAW,
APPOST,Accounts Payable - Invoice & Payment Posting,VMORAES,
APPOST,Accounts Payable - Invoice & Payment Posting,VMUDGAL,
APPOST,Accounts Payable - Invoice & Payment Posting,VREITAN,
APPOST,Accounts Payable - Invoice & Payment Posting,VSATPUTE,
APPOST,Accounts Payable - Invoice & Payment Posting,VSOLSEM,
APPOST,Accounts Payable - Invoice & Payment Posting,VVENUGOP,
APPOST,Accounts Payable - Invoice & Payment Posting,WESPEDAL,
APPOST,Accounts Payable - Invoice & Payment Posting,WROWLES,
APPOST,Accounts Payable - Invoice & Payment Posting,WSTEWART,
APPOST,Accounts Payable - Invoice & Payment Posting,WSZCZEPA,
APPOST,Accounts Payable - Invoice & Payment Posting,WWHITE,
APPOST,Accounts Payable - Invoice & Payment Posting,XHU,
APPOST,Accounts Payable - Invoice & Payment Posting,YJADHAV,
APPOST,Accounts Payable - Invoice & Payment Posting,YWAYKAR,
APPOST,Accounts Payable - Invoice & Payment Posting,ZHAYATH,
ARPOST,Accounts Receivable - Posting & Adjustments,,
GLPOST,General Ledger - Journal Entry & Posting,AAMARTIN,
GLPOST,General Ledger - Journal Entry & Posting,ABALDONADO,
GLPOST,General Ledger - Journal Entry & Posting,ADATKHIL,
GLPOST,General Ledger - Journal Entry & Posting,AKHAKIMO,
GLPOST,General Ledger - Journal Entry & Posting,AKOT,
GLPOST,General Ledger - Journal Entry & Posting,ASARTAPE,
GLPOST,General Ledger - Journal Entry & Posting,ASOUZA,
GLPOST,General Ledger - Journal Entry & Posting,ASUMAIYA,
GLPOST,General Ledger - Journal Entry & Posting,ASZUBERL,
GLPOST,General Ledger - Journal Entry & Posting,BEHESS,
GLPOST,General Ledger - Journal Entry & Posting,BSILVA,
GLPOST,General Ledger - Journal Entry & Posting,CCOPELAN,
GLPOST,General Ledger - Journal Entry & Posting,CCRUMP,
GLPOST,General Ledger - Journal Entry & Posting,CGAULIER,
GLPOST,General Ledger - Journal Entry & Posting,CLAWSON,
GLPOST,General Ledger - Journal Entry & Posting,CMONTILL,
GLPOST,General Ledger - Journal Entry & Posting,CTHOM,
GLPOST,General Ledger - Journal Entry & Posting,DANMACLEAN,
GLPOST,General Ledger - Journal Entry & Posting,DGUASTAL,
GLPOST,General Ledger - Journal Entry & Posting,DPANGILI,
GLPOST,General Ledger - Journal Entry & Posting,DWU,
GLPOST,General Ledger - Journal Entry & Posting,DYYANG,
GLPOST,General Ledger - Journal Entry & Posting,EFORTUS,
GLPOST,General Ledger - Journal Entry & Posting,FASANTOS,
GLPOST,General Ledger - Journal Entry & Posting,GESCARAY,
GLPOST,General Ledger - Journal Entry & Posting,GJOHANSE,
GLPOST,General Ledger - Journal Entry & Posting,HKRANENB,
GLPOST,General Ledger - Journal Entry & Posting,JCEGIELS,
GLPOST,General Ledger - Journal Entry & Posting,JCONCEPC,
GLPOST,General Ledger - Journal Entry & Posting,JFOK,
GLPOST,General Ledger - Journal Entry & Posting,JOLIN,
GLPOST,General Ledger - Journal Entry & Posting,JRUSSELL,
GLPOST,General Ledger - Journal Entry & Posting,JSANTOS,
GLPOST,General Ledger - Journal Entry & Posting,JTENGBER,
GLPOST,General Ledger - Journal Entry & Posting,KASANTOS,
GLPOST,General Ledger - Journal Entry & Posting,KHENDZEL,
GLPOST,General Ledger - Journal Entry & Posting,KNATTERO,
GLPOST,General Ledger - Journal Entry & Posting,KPHUNG,
GLPOST,General Ledger - Journal Entry & Posting,KULTRA,
GLPOST,General Ledger - Journal Entry & Posting,LVIERA,
GLPOST,General Ledger - Journal Entry & Posting,MAMATONG,
GLPOST,General Ledger - Journal Entry & Posting,MDAYAPER,
GLPOST,General Ledger - Journal Entry & Posting,MHIZONA,
GLPOST,General Ledger - Journal Entry & Posting,MKIM,
GLPOST,General Ledger - Journal Entry & Posting,MPRIVATTI,
GLPOST,General Ledger - Journal Entry & Posting,MRAMOS,
GLPOST,General Ledger - Journal Entry & Posting,MSANSALI,
GLPOST,General Ledger - Journal Entry & Posting,NBADRINA,
GLPOST,General Ledger - Journal Entry & Posting,NNUGRHA,
GLPOST,General Ledger - Journal Entry & Posting,NVROON,
GLPOST,General Ledger - Journal Entry & Posting,PANDERSON,
GLPOST,General Ledger - Journal Entry & Posting,PGUASTAL,
GLPOST,General Ledger - Journal Entry & Posting,PIRSILVA,
GLPOST,General Ledger - Journal Entry & Posting,PPRESSLI,
GLPOST,General Ledger - Journal Entry & Posting,QHERGAAR,
GLPOST,General Ledger - Journal Entry & Posting,RAJKUMAR,
GLPOST,General Ledger - Journal Entry & Posting,RHALILI,
GLPOST,General Ledger - Journal Entry & Posting,RLIANG,
GLPOST,General Ledger - Journal Entry & Posting,RLONG,
GLPOST,General Ledger - Journal Entry & Posting,RMONTES,
GLPOST,General Ledger - Journal Entry & Posting,RMUYO,
GLPOST,General Ledger - Journal Entry & Posting,RSANPEDRO,
GLPOST,General Ledger - Journal Entry & Posting,RTUMAGAN,
GLPOST,General Ledger - Journal Entry & Posting,SENGER,
GLPOST,General Ledger - Journal Entry & Posting,SHOGGATT,
GLPOST,General Ledger - Journal Entry & Posting,SKALASAP,
GLPOST,General Ledger - Journal Entry & Posting,SMARQUES,
GLPOST,General Ledger - Journal Entry & Posting,SOSLAND,
GLPOST,General Ledger - Journal Entry & Posting,SPAWAR,
GLPOST,General Ledger - Journal Entry & Posting,SRANGARAJA,
GLPOST,General Ledger - Journal Entry & Posting,SSEKHON,
GLPOST,General Ledger - Journal Entry & Posting,SSHINDE,
GLPOST,General Ledger - Journal Entry & Posting,STEIXEIR,
GLPOST,General Ledger - Journal Entry & Posting,TBASS,
GLPOST,General Ledger - Journal Entry & Posting,TCOSTA,
GLPOST,General Ledger - Journal Entry & Posting,TIMCOX,
GLPOST,General Ledger - Journal Entry & Posting,UPATIL,
GLPOST,General Ledger - Journal Entry & Posting,VASOUZA,
GLPOST,General Ledger - Journal Entry & Posting,VGRIMSLI,
GLPOST,General Ledger - Journal Entry & Posting,VMORAES,
GLPOST,General Ledger - Journal Entry & Posting,VVENUGOP,
GLPOST,General Ledger - Journal Entry & Posting,WESPEDAL,
GLPOST,General Ledger - Journal Entry & Posting,WROWLES,
GLPOST,General Ledger - Journal Entry & Posting,WWHITE,
GLPOST,General Ledger - Journal Entry & Posting,ZHAYATH,
FAMAINT,Fixed Assets - Maintenance & Disposal,ABALDONADO,
FAMAINT,Fixed Assets - Maintenance & Disposal,ADATKHIL,
FAMAINT,Fixed Assets - Maintenance & Disposal,AKHAKIMO,
FAMAINT,Fixed Assets - Maintenance & Disposal,ASARTAPE,
FAMAINT,Fixed Assets - Maintenance & Disposal,ASOUZA,
FAMAINT,Fixed Assets - Maintenance & Disposal,ASUMAIYA,
FAMAINT,Fixed Assets - Maintenance & Disposal,ASZUBERL,
FAMAINT,Fixed Assets - Maintenance & Disposal,CMONTILL,
FAMAINT,Fixed Assets - Maintenance & Disposal,DANMACLEAN,
FAMAINT,Fixed Assets - Maintenance & Disposal,DGUASTAL,
FAMAINT,Fixed Assets - Maintenance & Disposal,DWU,
FAMAINT,Fixed Assets - Maintenance & Disposal,FNGAN,
FAMAINT,Fixed Assets - Maintenance & Disposal,IVESELOVSK,
FAMAINT,Fixed Assets - Maintenance & Disposal,JFOK,
FAMAINT,Fixed Assets - Maintenance & Disposal,JOLIN,
FAMAINT,Fixed Assets - Maintenance & Disposal,JSANTOS,
FAMAINT,Fixed Assets - Maintenance & Disposal,JTENGBER,
FAMAINT,Fixed Assets - Maintenance & Disposal,KASANTOS,
FAMAINT,Fixed Assets - Maintenance & Disposal,LXIE,
FAMAINT,Fixed Assets - Maintenance & Disposal,MCHOI,
FAMAINT,Fixed Assets - Maintenance & Disposal,MKIM,
FAMAINT,Fixed Assets - Maintenance & Disposal,MRAMOS,
FAMAINT,Fixed Assets - Maintenance & Disposal,NBADRINA,
FAMAINT,Fixed Assets - Maintenance & Disposal,PANDERSON,
FAMAINT,Fixed Assets - Maintenance & Disposal,PGUASTAL,
FAMAINT,Fixed Assets - Maintenance & Disposal,PSMITHERAM,
FAMAINT,Fixed Assets - Maintenance & Disposal,RJAMES,
FAMAINT,Fixed Assets - Maintenance & Disposal,RSANPEDRO,
FAMAINT,Fixed Assets - Maintenance & Disposal,SKALASAP,
FAMAINT,Fixed Assets - Maintenance & Disposal,SMACHLIK,
FAMAINT,Fixed Assets - Maintenance & Disposal,SMARQUES,
FAMAINT,Fixed Assets - Maintenance & Disposal,SPAWAR,
FAMAINT,Fixed Assets - Maintenance & Disposal,SRANGARAJA,
FAMAINT,Fixed Assets - Maintenance & Disposal,SSHINDE,
FAMAINT,Fixed Assets - Maintenance & Disposal,TCOSTA,
FAMAINT,Fixed Assets - Maintenance & Disposal,UPATIL,
FAMAINT,Fixed Assets - Maintenance & Disposal,VASOUZA,
FAMAINT,Fixed Assets - Maintenance & Disposal,VMORAES,
FAMAINT,Fixed Assets - Maintenance & Disposal,VVENUGOP,
FAMAINT,Fixed Assets - Maintenance & Disposal,WROWLES,
FAMAINT,Fixed Assets - Maintenance & Disposal,ZHAYATH,
BUDGET,Budget Entry & Maintenance,,
TAXMAINT,Tax Processing & Maintenance,ALEHTINE,
TAXMAINT,Tax Processing & Maintenance,BMAGALHA,
TAXMAINT,Tax Processing & Maintenance,DANMACLEAN,
TAXMAINT,Tax Processing & Maintenance,JHOLLAND,
TAXMAINT,Tax Processing & Maintenance,KCHEN,
TAXMAINT,Tax Processing & Maintenance,LDSOUZA,
TAXMAINT,Tax Processing & Maintenance,RBEDI,
TAXMAINT,Tax Processing & Maintenance,RRAMDAT,
TAXMAINT,Tax Processing & Maintenance,SIREESLR,
TAXMAINT,Tax Processing & Maintenance,SODONNELL,
TAXMAINT,Tax Processing & Maintenance,WROWLES,
CASHBANK,Cash & Bank Transaction Processing,ADUBEY,
CASHBANK,Cash & Bank Transaction Processing,AHUDANI,
CASHBANK,Cash & Bank Transaction Processing,AKAZI,
CASHBANK,Cash & Bank Transaction Processing,AKORDE,
CASHBANK,Cash & Bank Transaction Processing,AKOT,
CASHBANK,Cash & Bank Transaction Processing,AKUDEKAR,
CASHBANK,Cash & Bank Transaction Processing,ANCOSTA,
CASHBANK,Cash & Bank Transaction Processing,ANSOUZA,
CASHBANK,Cash & Bank Transaction Processing,AOLIVEIRA,
CASHBANK,Cash & Bank Transaction Processing,ASARTAPE,
CASHBANK,Cash & Bank Transaction Processing,ASOUZA,
CASHBANK,Cash & Bank Transaction Processing,ASUMAIYA,
CASHBANK,Cash & Bank Transaction Processing,ASZUBERL,
CASHBANK,Cash & Bank Transaction Processing,AVIEIRA,
CASHBANK,Cash & Bank Transaction Processing,BSILVA,
CASHBANK,Cash & Bank Transaction Processing,CAANTUNE,
CASHBANK,Cash & Bank Transaction Processing,CMONTILL,
CASHBANK,Cash & Bank Transaction Processing,CNUNES,
CASHBANK,Cash & Bank Transaction Processing,CPEREIRA,
CASHBANK,Cash & Bank Transaction Processing,CROBERTO,
CASHBANK,Cash & Bank Transaction Processing,CVIRGENS,
CASHBANK,Cash & Bank Transaction Processing,DANMACLEAN,
CASHBANK,Cash & Bank Transaction Processing,DDALVI,
CASHBANK,Cash & Bank Transaction Processing,DKELLY,
CASHBANK,Cash & Bank Transaction Processing,DMARTINS,
CASHBANK,Cash & Bank Transaction Processing,DOSSANTO,
CASHBANK,Cash & Bank Transaction Processing,DWU,
CASHBANK,Cash & Bank Transaction Processing,EDEABREU,
CASHBANK,Cash & Bank Transaction Processing,EFRANCO,
CASHBANK,Cash & Bank Transaction Processing,ELIOLIVE,
CASHBANK,Cash & Bank Transaction Processing,FASANTOS,
CASHBANK,Cash & Bank Transaction Processing,FEDASILV,
CASHBANK,Cash & Bank Transaction Processing,FOTAVIANO,
CASHBANK,Cash & Bank Transaction Processing,GAMONTEI,
CASHBANK,Cash & Bank Transaction Processing,HPARMAR,
CASHBANK,Cash & Bank Transaction Processing,HPATIL,
CASHBANK,Cash & Bank Transaction Processing,JCAETANO,
CASHBANK,Cash & Bank Transaction Processing,JFOK,
CASHBANK,Cash & Bank Transaction Processing,JORRIBEI,
CASHBANK,Cash & Bank Transaction Processing,JSANTOS,
CASHBANK,Cash & Bank Transaction Processing,KASANTOS,
CASHBANK,Cash & Bank Transaction Processing,KASTEWAR,
CASHBANK,Cash & Bank Transaction Processing,KGAWANDE,
CASHBANK,Cash & Bank Transaction Processing,KHENDZEL,
CASHBANK,Cash & Bank Transaction Processing,KULTRA,
CASHBANK,Cash & Bank Transaction Processing,KWONG,
CASHBANK,Cash & Bank Transaction Processing,LBRANDAO,
CASHBANK,Cash & Bank Transaction Processing,LDICKSON,
CASHBANK,Cash & Bank Transaction Processing,LERANGEL,
CASHBANK,Cash & Bank Transaction Processing,LORIBEIR,
CASHBANK,Cash & Bank Transaction Processing,LSEVERO,
CASHBANK,Cash & Bank Transaction Processing,LUDASILV,
CASHBANK,Cash & Bank Transaction Processing,LWATT,
CASHBANK,Cash & Bank Transaction Processing,MBALAS,
CASHBANK,Cash & Bank Transaction Processing,MCOUTO,
CASHBANK,Cash & Bank Transaction Processing,MKIM,
CASHBANK,Cash & Bank Transaction Processing,MPRIVATTI,
CASHBANK,Cash & Bank Transaction Processing,MRAMOS,
CASHBANK,Cash & Bank Transaction Processing,NBADRINA,
CASHBANK,Cash & Bank Transaction Processing,NBONIFACIO,
CASHBANK,Cash & Bank Transaction Processing,NKATHE,
CASHBANK,Cash & Bank Transaction Processing,ODANGMAL,
CASHBANK,Cash & Bank Transaction Processing,OMULIK,
CASHBANK,Cash & Bank Transaction Processing,ORJUNIOR,
CASHBANK,Cash & Bank Transaction Processing,PANDERSON,
CASHBANK,Cash & Bank Transaction Processing,PIRSILVA,
CASHBANK,Cash & Bank Transaction Processing,PMIRANDA,
CASHBANK,Cash & Bank Transaction Processing,PREN,
CASHBANK,Cash & Bank Transaction Processing,RAKPADAD,
CASHBANK,Cash & Bank Transaction Processing,RCHANNA,
CASHBANK,Cash & Bank Transaction Processing,RDOCOUTO,
CASHBANK,Cash & Bank Transaction Processing,RDURGADE,
CASHBANK,Cash & Bank Transaction Processing,RFRANCES,
CASHBANK,Cash & Bank Transaction Processing,RHINONG,
CASHBANK,Cash & Bank Transaction Processing,RJADHAV,
CASHBANK,Cash & Bank Transaction Processing,RLIANG,
CASHBANK,Cash & Bank Transaction Processing,ROBSILVA,
CASHBANK,Cash & Bank Transaction Processing,RSANPEDRO,
CASHBANK,Cash & Bank Transaction Processing,SGOWDA,
CASHBANK,Cash & Bank Transaction Processing,SJOHNY,
CASHBANK,Cash & Bank Transaction Processing,SKALASAP,
CASHBANK,Cash & Bank Transaction Processing,SLENGHE,
CASHBANK,Cash & Bank Transaction Processing,SMACHLIK,
CASHBANK,Cash & Bank Transaction Processing,SNPAWAR,
CASHBANK,Cash & Bank Transaction Processing,SPATIL,
CASHBANK,Cash & Bank Transaction Processing,SPAWAR,
CASHBANK,Cash & Bank Transaction Processing,SRANGARAJA,
CASHBANK,Cash & Bank Transaction Processing,SSEKHON,
CASHBANK,Cash & Bank Transaction Processing,TRODRIGU,
CASHBANK,Cash & Bank Transaction Processing,UPATIL,
CASHBANK,Cash & Bank Transaction Processing,VASOUZA,
CASHBANK,Cash & Bank Transaction Processing,VISILVA,
CASHBANK,Cash & Bank Transaction Processing,VJADHAV,
CASHBANK,Cash & Bank Transaction Processing,VMUDGAL,
CASHBANK,Cash & Bank Transaction Processing,VSATPUTE,
CASHBANK,Cash & Bank Transaction Processing,VVENUGOP,
CASHBANK,Cash & Bank Transaction Processing,WACARVEL,
CASHBANK,Cash & Bank Transaction Processing,WCAMARGO,
CASHBANK,Cash & Bank Transaction Processing,WECAMARGO,
CASHBANK,Cash & Bank Transaction Processing,WESILVA,
CASHBANK,Cash & Bank Transaction Processing,WMENDONC,
CASHBANK,Cash & Bank Transaction Processing,WROWLES,
CASHBANK,Cash & Bank Transaction Processing,YJADHAV,
CASHBANK,Cash & Bank Transaction Processing,YWAYKAR,
CASHBANK,Cash & Bank Transaction Processing,ZHAYATH,
FINSTMT,Financial Statements / Costing Maintenance,,
PURCH,Purchasing - PO & Requisition Processing,ABERNOS,
PURCH,Purchasing - PO & Requisition Processing,AGALLAGHER,
PURCH,Purchasing - PO & Requisition Processing,BGLIWA,
PURCH,Purchasing - PO & Requisition Processing,BRKELLY,
PURCH,Purchasing - PO & Requisition Processing,CBLACKBURN,
PURCH,Purchasing - PO & Requisition Processing,COREGAN,
PURCH,Purchasing - PO & Requisition Processing,DAWARD,
PURCH,Purchasing - PO & Requisition Processing,DEVERITT,
PURCH,Purchasing - PO & Requisition Processing,DHADDEN,
PURCH,Purchasing - PO & Requisition Processing,DKELLY,
PURCH,Purchasing - PO & Requisition Processing,DNEWLAND,
PURCH,Purchasing - PO & Requisition Processing,DTORPEY,
PURCH,Purchasing - PO & Requisition Processing,DUBLINENG,
PURCH,Purchasing - PO & Requisition Processing,EMITCHELL,
PURCH,Purchasing - PO & Requisition Processing,ENGWATER,
PURCH,Purchasing - PO & Requisition Processing,ENIEMIEC,
PURCH,Purchasing - PO & Requisition Processing,FBAGGS,
PURCH,Purchasing - PO & Requisition Processing,FLOPSHUM,
PURCH,Purchasing - PO & Requisition Processing,GPLAYLE,
PURCH,Purchasing - PO & Requisition Processing,GSCHREUD,
PURCH,Purchasing - PO & Requisition Processing,GWALSH,
PURCH,Purchasing - PO & Requisition Processing,JLOBODA,
PURCH,Purchasing - PO & Requisition Processing,KKRAWIEC,
PURCH,Purchasing - PO & Requisition Processing,KMACDONA,
PURCH,Purchasing - PO & Requisition Processing,LDUNCAN,
PURCH,Purchasing - PO & Requisition Processing,LJAMES,
PURCH,Purchasing - PO & Requisition Processing,LSANGSTER,
PURCH,Purchasing - PO & Requisition Processing,MAJONES,
PURCH,Purchasing - PO & Requisition Processing,MDONNELLY,
PURCH,Purchasing - PO & Requisition Processing,MSWIETON,
PURCH,Purchasing - PO & Requisition Processing,NMURPHY,
PURCH,Purchasing - PO & Requisition Processing,NWIATER,
PURCH,Purchasing - PO & Requisition Processing,PANDERSON,
PURCH,Purchasing - PO & Requisition Processing,ROTTIE01,
PURCH,Purchasing - PO & Requisition Processing,SCHAPPELL,
PURCH,Purchasing - PO & Requisition Processing,SCONROY,
PURCH,Purchasing - PO & Requisition Processing,SDIXEY,
PURCH,Purchasing - PO & Requisition Processing,SPAWAR,
PURCH,Purchasing - PO & Requisition Processing,TCADGER,
PURCH,Purchasing - PO & Requisition Processing,TPRUE,
PURCH,Purchasing - PO & Requisition Processing,VVENUGOP,
PURCH,Purchasing - PO & Requisition Processing,WIJGER01,
INVWH,Inventory & Warehouse Transactions,,
ORDMGT,Sales Order Entry & Management,,
RETURNS,Returns Management (RMA),,
MSTRDATA,Master / Base Data Maintenance,ABALDONADO,
MSTRDATA,Master / Base Data Maintenance,ADATKHIL,
MSTRDATA,Master / Base Data Maintenance,ADUBEY,
MSTRDATA,Master / Base Data Maintenance,AHUDANI,
MSTRDATA,Master / Base Data Maintenance,AKAZI,
MSTRDATA,Master / Base Data Maintenance,AKHAKIMO,
MSTRDATA,Master / Base Data Maintenance,AKORDE,
MSTRDATA,Master / Base Data Maintenance,AKUDEKAR,
MSTRDATA,Master / Base Data Maintenance,AREWERA,
MSTRDATA,Master / Base Data Maintenance,ASARTAPE,
MSTRDATA,Master / Base Data Maintenance,ASUMAIYA,
MSTRDATA,Master / Base Data Maintenance,ASZUBERL,
MSTRDATA,Master / Base Data Maintenance,BARK,
MSTRDATA,Master / Base Data Maintenance,BCAR,
MSTRDATA,Master / Base Data Maintenance,BSTUSIK,
MSTRDATA,Master / Base Data Maintenance,CCRUMP,
MSTRDATA,Master / Base Data Maintenance,CMONTILL,
MSTRDATA,Master / Base Data Maintenance,CWASKEY,
MSTRDATA,Master / Base Data Maintenance,DANMACLEAN,
MSTRDATA,Master / Base Data Maintenance,DDALVI,
MSTRDATA,Master / Base Data Maintenance,DGUASTAL,
MSTRDATA,Master / Base Data Maintenance,DKELLY,
MSTRDATA,Master / Base Data Maintenance,DNEWLAND,
MSTRDATA,Master / Base Data Maintenance,DWU,
MSTRDATA,Master / Base Data Maintenance,DYYANG,
MSTRDATA,Master / Base Data Maintenance,EFORTUS,
MSTRDATA,Master / Base Data Maintenance,EHERVIK,
MSTRDATA,Master / Base Data Maintenance,EICAMPBE,
MSTRDATA,Master / Base Data Maintenance,EKRISTVI,
MSTRDATA,Master / Base Data Maintenance,EMITCHELL,
MSTRDATA,Master / Base Data Maintenance,ESOREIDE,
MSTRDATA,Master / Base Data Maintenance,GIJUNIOR,
MSTRDATA,Master / Base Data Maintenance,GSCHREUD,
MSTRDATA,Master / Base Data Maintenance,HPARMAR,
MSTRDATA,Master / Base Data Maintenance,HPATIL,
MSTRDATA,Master / Base Data Maintenance,JBUSTOS,
MSTRDATA,Master / Base Data Maintenance,JFOK,
MSTRDATA,Master / Base Data Maintenance,JGUDMESTAD,
MSTRDATA,Master / Base Data Maintenance,JKOBYLIN,
MSTRDATA,Master / Base Data Maintenance,JOLIN,
MSTRDATA,Master / Base Data Maintenance,JTENGBER,
MSTRDATA,Master / Base Data Maintenance,KASTEWAR,
MSTRDATA,Master / Base Data Maintenance,KGAWANDE,
MSTRDATA,Master / Base Data Maintenance,KMACDONA,
MSTRDATA,Master / Base Data Maintenance,KULTRA,
MSTRDATA,Master / Base Data Maintenance,KWONG,
MSTRDATA,Master / Base Data Maintenance,LDICKSON,
MSTRDATA,Master / Base Data Maintenance,LDUNCAN,
MSTRDATA,Master / Base Data Maintenance,LVELINCA,
MSTRDATA,Master / Base Data Maintenance,LWATT,
MSTRDATA,Master / Base Data Maintenance,MAJONES,
MSTRDATA,Master / Base Data Maintenance,MBALAS,
MSTRDATA,Master / Base Data Maintenance,MDEAN,
MSTRDATA,Master / Base Data Maintenance,MHIZONA,
MSTRDATA,Master / Base Data Maintenance,MKIM,
MSTRDATA,Master / Base Data Maintenance,MRAMOS,
MSTRDATA,Master / Base Data Maintenance,NBADRINA,
MSTRDATA,Master / Base Data Maintenance,NBONIFACIO,
MSTRDATA,Master / Base Data Maintenance,NKATHE,
MSTRDATA,Master / Base Data Maintenance,NPARK,
MSTRDATA,Master / Base Data Maintenance,ODANGMAL,
MSTRDATA,Master / Base Data Maintenance,OMULIK,
MSTRDATA,Master / Base Data Maintenance,PANDERSON,
MSTRDATA,Master / Base Data Maintenance,PGUASTAL,
MSTRDATA,Master / Base Data Maintenance,PREN,
MSTRDATA,Master / Base Data Maintenance,RAKPADAD,
MSTRDATA,Master / Base Data Maintenance,RCHANNA,
MSTRDATA,Master / Base Data Maintenance,RDURGADE,
MSTRDATA,Master / Base Data Maintenance,RHINONG,
MSTRDATA,Master / Base Data Maintenance,RJADHAV,
MSTRDATA,Master / Base Data Maintenance,RLIANG,
MSTRDATA,Master / Base Data Maintenance,RSANPEDRO,
MSTRDATA,Master / Base Data Maintenance,RTATUM,
MSTRDATA,Master / Base Data Maintenance,SCONROY,
MSTRDATA,Master / Base Data Maintenance,SGOWDA,
MSTRDATA,Master / Base Data Maintenance,SJOHNY,
MSTRDATA,Master / Base Data Maintenance,SKALASAP,
MSTRDATA,Master / Base Data Maintenance,SLENGHE,
MSTRDATA,Master / Base Data Maintenance,SMACHLIK,
MSTRDATA,Master / Base Data Maintenance,SMARQUES,
MSTRDATA,Master / Base Data Maintenance,SNPAWAR,
MSTRDATA,Master / Base Data Maintenance,SPATIL,
MSTRDATA,Master / Base Data Maintenance,SPAWAR,
MSTRDATA,Master / Base Data Maintenance,SRANGARAJA,
MSTRDATA,Master / Base Data Maintenance,SSEKHON,
MSTRDATA,Master / Base Data Maintenance,SSHINDE,
MSTRDATA,Master / Base Data Maintenance,SUJOSHI,
MSTRDATA,Master / Base Data Maintenance,TCOSTA,
MSTRDATA,Master / Base Data Maintenance,TVILLARD,
MSTRDATA,Master / Base Data Maintenance,UPATIL,
MSTRDATA,Master / Base Data Maintenance,VASOUZA,
MSTRDATA,Master / Base Data Maintenance,VGRIMSLI,
MSTRDATA,Master / Base Data Maintenance,VJADHAV,
MSTRDATA,Master / Base Data Maintenance,VMORAES,
MSTRDATA,Master / Base Data Maintenance,VMUDGAL,
MSTRDATA,Master / Base Data Maintenance,VSATPUTE,
MSTRDATA,Master / Base Data Maintenance,VVENUGOP,
MSTRDATA,Master / Base Data Maintenance,WROWLES,
MSTRDATA,Master / Base Data Maintenance,YJADHAV,
MSTRDATA,Master / Base Data Maintenance,YWAYKAR,
MSTRDATA,Master / Base Data Maintenance,ZHAYATH,
SECADMIN,M3 Security & User Administration,AAMARTIN,
SECADMIN,M3 Security & User Administration,ABALDONADO,
SECADMIN,M3 Security & User Administration,ADATKHIL,
SECADMIN,M3 Security & User Administration,ASARTAPE,
SECADMIN,M3 Security & User Administration,ASUMAIYA,
SECADMIN,M3 Security & User Administration,ASZUBERL,
SECADMIN,M3 Security & User Administration,CCOPELAN,
SECADMIN,M3 Security & User Administration,DANMACLEAN,
SECADMIN,M3 Security & User Administration,DAWALKER,
SECADMIN,M3 Security & User Administration,DGLENNIE,
SECADMIN,M3 Security & User Administration,DGUASTAL,
SECADMIN,M3 Security & User Administration,DKELLY,
SECADMIN,M3 Security & User Administration,DPANGILI,
SECADMIN,M3 Security & User Administration,DWU,
SECADMIN,M3 Security & User Administration,GESCARAY,
SECADMIN,M3 Security & User Administration,GJOHANSE,
SECADMIN,M3 Security & User Administration,JCEGIELS,
SECADMIN,M3 Security & User Administration,JCONCEPC,
SECADMIN,M3 Security & User Administration,JFOK,
SECADMIN,M3 Security & User Administration,JOLIN,
SECADMIN,M3 Security & User Administration,JTENGBER,
SECADMIN,M3 Security & User Administration,KPHUNG,
SECADMIN,M3 Security & User Administration,KWONG,
SECADMIN,M3 Security & User Administration,LVIERA,
SECADMIN,M3 Security & User Administration,LXIE,
SECADMIN,M3 Security & User Administration,MAMATONG,
SECADMIN,M3 Security & User Administration,MKIM,
SECADMIN,M3 Security & User Administration,MLUDWINI,
SECADMIN,M3 Security & User Administration,MRAMOS,
SECADMIN,M3 Security & User Administration,MSANSALI,
SECADMIN,M3 Security & User Administration,NBADRINA,
SECADMIN,M3 Security & User Administration,PANDERSON,
SECADMIN,M3 Security & User Administration,PGUASTAL,
SECADMIN,M3 Security & User Administration,PREN,
SECADMIN,M3 Security & User Administration,RAJKUMAR,
SECADMIN,M3 Security & User Administration,RHALILI,
SECADMIN,M3 Security & User Administration,RLONG,
SECADMIN,M3 Security & User Administration,RMUYO,
SECADMIN,M3 Security & User Administration,RSANPEDRO,
SECADMIN,M3 Security & User Administration,RTUMAGAN,
SECADMIN,M3 Security & User Administration,SHOGGATT,
SECADMIN,M3 Security & User Administration,SKALASAP,
SECADMIN,M3 Security & User Administration,SNEZAMIA,
SECADMIN,M3 Security & User Administration,SPAWAR,
SECADMIN,M3 Security & User Administration,SRANGARAJA,
SECADMIN,M3 Security & User Administration,SSHINDE,
SECADMIN,M3 Security & User Administration,STCOLLIN,
SECADMIN,M3 Security & User Administration,TBASS,
SECADMIN,M3 Security & User Administration,TIMCOX,
SECADMIN,M3 Security & User Administration,UPATIL,
SECADMIN,M3 Security & User Administration,VVENUGOP,
SECADMIN,M3 Security & User Administration,WESPEDAL,
SECADMIN,M3 Security & User Administration,WROWLES,
SECADMIN,M3 Security & User Administration,ZHAYATH,
FINVIEW,Finance Read-only,AACHILLE,
FINVIEW,Finance Read-only,AAMARTIN,
FINVIEW,Finance Read-only,ABALDONADO,
FINVIEW,Finance Read-only,ABANNON,
FINVIEW,Finance Read-only,ABRYLINS,
FINVIEW,Finance Read-only,ACASTRO,
FINVIEW,Finance Read-only,ADUBEY,
FINVIEW,Finance Read-only,AEBERHAR,
FINVIEW,Finance Read-only,AHUDANI,
FINVIEW,Finance Read-only,AJAKOBSSON,
FINVIEW,Finance Read-only,AKANDWAL,
FINVIEW,Finance Read-only,AKAZI,
FINVIEW,Finance Read-only,AKHAKIMO,
FINVIEW,Finance Read-only,AKORDE,
FINVIEW,Finance Read-only,AKOT,
FINVIEW,Finance Read-only,AKUDEKAR,
FINVIEW,Finance Read-only,ALARSEN,
FINVIEW,Finance Read-only,ALAU,
FINVIEW,Finance Read-only,ALEHTINE,
FINVIEW,Finance Read-only,AMORENO,
FINVIEW,Finance Read-only,ANCOSTA,
FINVIEW,Finance Read-only,ANIEKERK,
FINVIEW,Finance Read-only,ANSOUZA,
FINVIEW,Finance Read-only,AOLIVEIRA,
FINVIEW,Finance Read-only,AREWERA,
FINVIEW,Finance Read-only,ARICHARDS,
FINVIEW,Finance Read-only,ASELLARS,
FINVIEW,Finance Read-only,ASOUZA,
FINVIEW,Finance Read-only,ASTAYLOR,
FINVIEW,Finance Read-only,AVIEIRA,
FINVIEW,Finance Read-only,BABRIDGF,
FINVIEW,Finance Read-only,BARK,
FINVIEW,Finance Read-only,BAULIK,
FINVIEW,Finance Read-only,BBRETHER,
FINVIEW,Finance Read-only,BCAR,
FINVIEW,Finance Read-only,BCLARK,
FINVIEW,Finance Read-only,BEHESS,
FINVIEW,Finance Read-only,BFERREIRA,
FINVIEW,Finance Read-only,BHORN,
FINVIEW,Finance Read-only,BKISCH,
FINVIEW,Finance Read-only,BMAGALHA,
FINVIEW,Finance Read-only,BNICHOLL,
FINVIEW,Finance Read-only,BPOST,
FINVIEW,Finance Read-only,BSILVA,
FINVIEW,Finance Read-only,BSTEINSE,
FINVIEW,Finance Read-only,BSTUSIK,
FINVIEW,Finance Read-only,BTERSTEGE,
FINVIEW,Finance Read-only,CAANTUNE,
FINVIEW,Finance Read-only,CCOPELAN,
FINVIEW,Finance Read-only,CCRUMP,
FINVIEW,Finance Read-only,CDIXON,
FINVIEW,Finance Read-only,CFORSYTH,
FINVIEW,Finance Read-only,CGAULIER,
FINVIEW,Finance Read-only,CHARDERS,
FINVIEW,Finance Read-only,CLAWSON,
FINVIEW,Finance Read-only,CMCCARRON,
FINVIEW,Finance Read-only,CMCCULLOCH,
FINVIEW,Finance Read-only,CMONTILL,
FINVIEW,Finance Read-only,CNUNES,
FINVIEW,Finance Read-only,COCONNEL,
FINVIEW,Finance Read-only,COMITCHE,
FINVIEW,Finance Read-only,CPEREIRA,
FINVIEW,Finance Read-only,CROBERTO,
FINVIEW,Finance Read-only,CROSA,
FINVIEW,Finance Read-only,CTHOM,
FINVIEW,Finance Read-only,CTORKELSEN,
FINVIEW,Finance Read-only,CVIRGENS,
FINVIEW,Finance Read-only,CWASKEY,
FINVIEW,Finance Read-only,DAGRANT,
FINVIEW,Finance Read-only,DAWALKER,
FINVIEW,Finance Read-only,DDALVI,
FINVIEW,Finance Read-only,DDVALVI,
FINVIEW,Finance Read-only,DEBRADLE,
FINVIEW,Finance Read-only,DFLAKEMO,
FINVIEW,Finance Read-only,DGLENNIE,
FINVIEW,Finance Read-only,DGROENEV,
FINVIEW,Finance Read-only,DHALYS,
FINVIEW,Finance Read-only,DLOS,
FINVIEW,Finance Read-only,DMARTINS,
FINVIEW,Finance Read-only,DNEWLAND,
FINVIEW,Finance Read-only,DOSSANTO,
FINVIEW,Finance Read-only,DPANGILI,
FINVIEW,Finance Read-only,DRICHES,
FINVIEW,Finance Read-only,DYYANG,
FINVIEW,Finance Read-only,EBJORNA,
FINVIEW,Finance Read-only,EBLIKRA,
FINVIEW,Finance Read-only,EBRAINWO,
FINVIEW,Finance Read-only,EDEABREU,
FINVIEW,Finance Read-only,EFORTUS,
FINVIEW,Finance Read-only,EFRANCO,
FINVIEW,Finance Read-only,EGUILLOT,
FINVIEW,Finance Read-only,EHERVIK,
FINVIEW,Finance Read-only,EICAMPBE,
FINVIEW,Finance Read-only,EKLINGAN,
FINVIEW,Finance Read-only,EKOOLS,
FINVIEW,Finance Read-only,EKRISTVI,
FINVIEW,Finance Read-only,ELIOLIVE,
FINVIEW,Finance Read-only,EMGATLEY,
FINVIEW,Finance Read-only,EMITCHELL,
FINVIEW,Finance Read-only,ENORDBY,
FINVIEW,Finance Read-only,ESOREIDE,
FINVIEW,Finance Read-only,FANDRESE,
FINVIEW,Finance Read-only,FASANTOS,
FINVIEW,Finance Read-only,FDATHEST,
FINVIEW,Finance Read-only,FDENHELDER,
FINVIEW,Finance Read-only,FEDASILV,
FINVIEW,Finance Read-only,FNGAN,
FINVIEW,Finance Read-only,FOTAVIANO,
FINVIEW,Finance Read-only,FRESILVA,
FINVIEW,Finance Read-only,GAMONTEI,
FINVIEW,Finance Read-only,GBARROS,
FINVIEW,Finance Read-only,GBRANTING,
FINVIEW,Finance Read-only,GCHRISTIAN,
FINVIEW,Finance Read-only,GESCARAY,
FINVIEW,Finance Read-only,GIJUNIOR,
FINVIEW,Finance Read-only,GJACKSON,
FINVIEW,Finance Read-only,GJOHANSE,
FINVIEW,Finance Read-only,GJOHNSEN,
FINVIEW,Finance Read-only,GRBOWLES,
FINVIEW,Finance Read-only,GSCHREUD,
FINVIEW,Finance Read-only,GSKJERSE,
FINVIEW,Finance Read-only,GTORGERS,
FINVIEW,Finance Read-only,GTURNER,
FINVIEW,Finance Read-only,HBEAMES,
FINVIEW,Finance Read-only,HBOS,
FINVIEW,Finance Read-only,HBRINGSV,
FINVIEW,Finance Read-only,HFJELD,
FINVIEW,Finance Read-only,HGAASKJE,
FINVIEW,Finance Read-only,HKLEPPE,
FINVIEW,Finance Read-only,HKRANENB,
FINVIEW,Finance Read-only,HNESVAG,
FINVIEW,Finance Read-only,HPARMAR,
FINVIEW,Finance Read-only,HPATIL,
FINVIEW,Finance Read-only,HSANDERSEN,
FINVIEW,Finance Read-only,INLOLAND,
FINVIEW,Finance Read-only,IOVERLAND,
FINVIEW,Finance Read-only,IVESELOVSK,
FINVIEW,Finance Read-only,JALEE,
FINVIEW,Finance Read-only,JAYPORTE,
FINVIEW,Finance Read-only,JBURROWS,
FINVIEW,Finance Read-only,JBUSTOS,
FINVIEW,Finance Read-only,JCAETANO,
FINVIEW,Finance Read-only,JCEGIELS,
FINVIEW,Finance Read-only,JCONCEPC,
FINVIEW,Finance Read-only,JECOOPER,
FINVIEW,Finance Read-only,JEIKE,
FINVIEW,Finance Read-only,JFOK,
FINVIEW,Finance Read-only,JGUDMESTAD,
FINVIEW,Finance Read-only,JHOLLAND,
FINVIEW,Finance Read-only,JHOPKINSON,
FINVIEW,Finance Read-only,JKANESTR,
FINVIEW,Finance Read-only,JKOBYLIN,
FINVIEW,Finance Read-only,JKUPCZAK,
FINVIEW,Finance Read-only,JLADIPAO,
FINVIEW,Finance Read-only,JLOBODA,
FINVIEW,Finance Read-only,JLOGAN,
FINVIEW,Finance Read-only,JMEERSBE,
FINVIEW,Finance Read-only,JNIELSEN,
FINVIEW,Finance Read-only,JNORDERHAU,
FINVIEW,Finance Read-only,JOLIN,
FINVIEW,Finance Read-only,JOMARTIN,
FINVIEW,Finance Read-only,JORRIBEI,
FINVIEW,Finance Read-only,JROZYCKA,
FINVIEW,Finance Read-only,JRUSSELL,
FINVIEW,Finance Read-only,JSANTOS,
FINVIEW,Finance Read-only,JSECKEL,
FINVIEW,Finance Read-only,JSETSA,
FINVIEW,Finance Read-only,JUANDREW,
FINVIEW,Finance Read-only,JWOODING,
FINVIEW,Finance Read-only,KASANTOS,
FINVIEW,Finance Read-only,KASTEWAR,
FINVIEW,Finance Read-only,KAUTH,
FINVIEW,Finance Read-only,KAWALSH,
FINVIEW,Finance Read-only,KBRIGGS,
FINVIEW,Finance Read-only,KCHEN,
FINVIEW,Finance Read-only,KCHOHAN,
FINVIEW,Finance Read-only,KEWILLIAMS,
FINVIEW,Finance Read-only,KGAWANDE,
FINVIEW,Finance Read-only,KGJELVIK,
FINVIEW,Finance Read-only,KHENDZEL,
FINVIEW,Finance Read-only,KJANTOSZ,
FINVIEW,Finance Read-only,KKINDEN,
FINVIEW,Finance Read-only,KKORNEVA,
FINVIEW,Finance Read-only,KLI,
FINVIEW,Finance Read-only,KLUNDIN,
FINVIEW,Finance Read-only,KMACDONA,
FINVIEW,Finance Read-only,KMYKKELT,
FINVIEW,Finance Read-only,KNATTERO,
FINVIEW,Finance Read-only,KPHUNG,
FINVIEW,Finance Read-only,KRIDA,
FINVIEW,Finance Read-only,KRISPAGE,
FINVIEW,Finance Read-only,KSPENGLE,
FINVIEW,Finance Read-only,KTKATCHE,
FINVIEW,Finance Read-only,KULTRA,
FINVIEW,Finance Read-only,KWILLIS,
FINVIEW,Finance Read-only,KWONG,
FINVIEW,Finance Read-only,LANDERSO,
FINVIEW,Finance Read-only,LANFINSEN,
FINVIEW,Finance Read-only,LBRANDAO,
FINVIEW,Finance Read-only,LCHHABRA,
FINVIEW,Finance Read-only,LCOOMAN,
FINVIEW,Finance Read-only,LCOWIE,
FINVIEW,Finance Read-only,LDEGREEF,
FINVIEW,Finance Read-only,LDEVINE,
FINVIEW,Finance Read-only,LDICKSON,
FINVIEW,Finance Read-only,LDSOUZA,
FINVIEW,Finance Read-only,LDUNCAN,
FINVIEW,Finance Read-only,LEEUWE02,
FINVIEW,Finance Read-only,LERANGEL,
FINVIEW,Finance Read-only,LGRAVES,
FINVIEW,Finance Read-only,LHODGSON,
FINVIEW,Finance Read-only,LKOZIK,
FINVIEW,Finance Read-only,LORIBEIR,
FINVIEW,Finance Read-only,LSEVERO,
FINVIEW,Finance Read-only,LSIM,
FINVIEW,Finance Read-only,LTORKELS,
FINVIEW,Finance Read-only,LTUTIN,
FINVIEW,Finance Read-only,LUDASILV,
FINVIEW,Finance Read-only,LVALANI,
FINVIEW,Finance Read-only,LVANSON,
FINVIEW,Finance Read-only,LVELINCA,
FINVIEW,Finance Read-only,LVIERA,
FINVIEW,Finance Read-only,LWATT,
FINVIEW,Finance Read-only,LWOOD,
FINVIEW,Finance Read-only,LXIE,
FINVIEW,Finance Read-only,MAGILL,
FINVIEW,Finance Read-only,MAJONES,
FINVIEW,Finance Read-only,MAMATONG,
FINVIEW,Finance Read-only,MBALAS,
FINVIEW,Finance Read-only,MBATOR,
FINVIEW,Finance Read-only,MBENNETTS,
FINVIEW,Finance Read-only,MCARRAS,
FINVIEW,Finance Read-only,MCATLIN,
FINVIEW,Finance Read-only,MCHOI,
FINVIEW,Finance Read-only,MCLAYDON,
FINVIEW,Finance Read-only,MCOUTINHO,
FINVIEW,Finance Read-only,MCOUTO,
FINVIEW,Finance Read-only,MDAGGER,
FINVIEW,Finance Read-only,MDAYAPER,
FINVIEW,Finance Read-only,MDEAN,
FINVIEW,Finance Read-only,MGARRING,
FINVIEW,Finance Read-only,MGOTTSCH,
FINVIEW,Finance Read-only,MHAGEMAN,
FINVIEW,Finance Read-only,MHIZONA,
FINVIEW,Finance Read-only,MISOTO,
FINVIEW,Finance Read-only,MJOHANNE,
FINVIEW,Finance Read-only,MJOHANSEN,
FINVIEW,Finance Read-only,MJOPSON,
FINVIEW,Finance Read-only,MJUBB,
FINVIEW,Finance Read-only,MKEPA,
FINVIEW,Finance Read-only,MKOGUT,
FINVIEW,Finance Read-only,MLUDWINI,
FINVIEW,Finance Read-only,MMAYNE,
FINVIEW,Finance Read-only,MPERREN,
FINVIEW,Finance Read-only,MPRIESTL,
FINVIEW,Finance Read-only,MPRIVATTI,
FINVIEW,Finance Read-only,MQUIRKE,
FINVIEW,Finance Read-only,MSANSALI,
FINVIEW,Finance Read-only,NALVARES,
FINVIEW,Finance Read-only,NBONIFACIO,
FINVIEW,Finance Read-only,NGILCHRI,
FINVIEW,Finance Read-only,NKATHE,
FINVIEW,Finance Read-only,NKERR,
FINVIEW,Finance Read-only,NKOLNES,
FINVIEW,Finance Read-only,NNUGRHA,
FINVIEW,Finance Read-only,NPARK,
FINVIEW,Finance Read-only,NRACIC,
FINVIEW,Finance Read-only,NROSS,
FINVIEW,Finance Read-only,NSAFDARY,
FINVIEW,Finance Read-only,NVROON,
FINVIEW,Finance Read-only,NWIATER,
FINVIEW,Finance Read-only,ODANGMAL,
FINVIEW,Finance Read-only,OGRABI,
FINVIEW,Finance Read-only,OMAGBANUA,
FINVIEW,Finance Read-only,OMULIK,
FINVIEW,Finance Read-only,OOKUESO,
FINVIEW,Finance Read-only,OOSTEBO,
FINVIEW,Finance Read-only,ORJUNIOR,
FINVIEW,Finance Read-only,PDENTON,
FINVIEW,Finance Read-only,PGAVIN,
FINVIEW,Finance Read-only,PIRSILVA,
FINVIEW,Finance Read-only,PKHONGPAN,
FINVIEW,Finance Read-only,PLESLIE,
FINVIEW,Finance Read-only,PLINGEN,
FINVIEW,Finance Read-only,PMIRANDA,
FINVIEW,Finance Read-only,PPRESSLI,
FINVIEW,Finance Read-only,PREN,
FINVIEW,Finance Read-only,PSMITHERAM,
FINVIEW,Finance Read-only,PVATTOY,
FINVIEW,Finance Read-only,QHERGAAR,
FINVIEW,Finance Read-only,RABATISTA,
FINVIEW,Finance Read-only,RADAMS,
FINVIEW,Finance Read-only,RAJKUMAR,
FINVIEW,Finance Read-only,RAKPADAD,
FINVIEW,Finance Read-only,RALBERG,
FINVIEW,Finance Read-only,RBEDI,
FINVIEW,Finance Read-only,RCARAGOUNI,
FINVIEW,Finance Read-only,RCHANNA,
FINVIEW,Finance Read-only,RDESAY,
FINVIEW,Finance Read-only,RDOCOUTO,
FINVIEW,Finance Read-only,RDURGADE,
FINVIEW,Finance Read-only,REATON,
FINVIEW,Finance Read-only,RFRANCES,
FINVIEW,Finance Read-only,RGURSLI,
FINVIEW,Finance Read-only,RHALILI,
FINVIEW,Finance Read-only,RHINONG,
FINVIEW,Finance Read-only,RHOLSTAD,
FINVIEW,Finance Read-only,RJADHAV,
FINVIEW,Finance Read-only,RJAMES,
FINVIEW,Finance Read-only,RJARRETT,
FINVIEW,Finance Read-only,RLIANG,
FINVIEW,Finance Read-only,RLONG,
FINVIEW,Finance Read-only,RMONTES,
FINVIEW,Finance Read-only,RMUYO,
FINVIEW,Finance Read-only,RNANHEKHAN,
FINVIEW,Finance Read-only,ROBSILVA,
FINVIEW,Finance Read-only,ROSTERHU,
FINVIEW,Finance Read-only,RPAIVA,
FINVIEW,Finance Read-only,RRAMDAT,
FINVIEW,Finance Read-only,RSANPEDRO,
FINVIEW,Finance Read-only,RSTURT,
FINVIEW,Finance Read-only,RTALLAKS,
FINVIEW,Finance Read-only,RTATTEN,
FINVIEW,Finance Read-only,RTATUM,
FINVIEW,Finance Read-only,RTUMAGAN,
FINVIEW,Finance Read-only,RVANSCHIJN,
FINVIEW,Finance Read-only,RVILLANU,
FINVIEW,Finance Read-only,RWALLACE,
FINVIEW,Finance Read-only,RWEENING,
FINVIEW,Finance Read-only,SCONROY,
FINVIEW,Finance Read-only,SENGER,
FINVIEW,Finance Read-only,SESPELAN,
FINVIEW,Finance Read-only,SGANDHIR,
FINVIEW,Finance Read-only,SGASKELL,
FINVIEW,Finance Read-only,SGOWDA,
FINVIEW,Finance Read-only,SHOGGATT,
FINVIEW,Finance Read-only,SIREESLR,
FINVIEW,Finance Read-only,SIW,
FINVIEW,Finance Read-only,SJENNING,
FINVIEW,Finance Read-only,SJOHNY,
FINVIEW,Finance Read-only,SKELLY,
FINVIEW,Finance Read-only,SKONING,
FINVIEW,Finance Read-only,SLENGHE,
FINVIEW,Finance Read-only,SLOHR,
FINVIEW,Finance Read-only,SLOUIE,
FINVIEW,Finance Read-only,SMACHLIK,
FINVIEW,Finance Read-only,SMARKWICK,
FINVIEW,Finance Read-only,SMARQUES,
FINVIEW,Finance Read-only,SNPAWAR,
FINVIEW,Finance Read-only,SODONNELL,
FINVIEW,Finance Read-only,SOSLAND,
FINVIEW,Finance Read-only,SPATIL,
FINVIEW,Finance Read-only,SSEBULON,
FINVIEW,Finance Read-only,SSEKHON,
FINVIEW,Finance Read-only,STCOLLIN,
FINVIEW,Finance Read-only,STEIXEIR,
FINVIEW,Finance Read-only,STHOMPSON,
FINVIEW,Finance Read-only,SUGREEN,
FINVIEW,Finance Read-only,SUJOSHI,
FINVIEW,Finance Read-only,SWATSON,
FINVIEW,Finance Read-only,TBASS,
FINVIEW,Finance Read-only,TBROUWER,
FINVIEW,Finance Read-only,TBURROUG,
FINVIEW,Finance Read-only,TCONCEIC,
FINVIEW,Finance Read-only,TCOSTA,
FINVIEW,Finance Read-only,TFREDRIK,
FINVIEW,Finance Read-only,THBAUSTAD,
FINVIEW,Finance Read-only,THJAKOBSEN,
FINVIEW,Finance Read-only,TIMCOX,
FINVIEW,Finance Read-only,TJANSSEN,
FINVIEW,Finance Read-only,TLAING,
FINVIEW,Finance Read-only,TMCCABE,
FINVIEW,Finance Read-only,TOKING,
FINVIEW,Finance Read-only,TOLSON01,
FINVIEW,Finance Read-only,TRMALBY,
FINVIEW,Finance Read-only,TRODRIGU,
FINVIEW,Finance Read-only,TROSENBERG,
FINVIEW,Finance Read-only,TTHOMASSEN,
FINVIEW,Finance Read-only,TVILLARD,
FINVIEW,Finance Read-only,URITAB,
FINVIEW,Finance Read-only,VASOUZA,
FINVIEW,Finance Read-only,VGRIMSLI,
FINVIEW,Finance Read-only,VISILVA,
FINVIEW,Finance Read-only,VJADHAV,
FINVIEW,Finance Read-only,VLAW,
FINVIEW,Finance Read-only,VMORAES,
FINVIEW,Finance Read-only,VMUDGAL,
FINVIEW,Finance Read-only,VREITAN,
FINVIEW,Finance Read-only,VSATPUTE,
FINVIEW,Finance Read-only,VSOLSEM,
FINVIEW,Finance Read-only,WACARVEL,
FINVIEW,Finance Read-only,WCAMARGO,
FINVIEW,Finance Read-only,WECAMARGO,
FINVIEW,Finance Read-only,WESILVA,
FINVIEW,Finance Read-only,WESPEDAL,
FINVIEW,Finance Read-only,WMENDONC,
FINVIEW,Finance Read-only,WSTEWART,
FINVIEW,Finance Read-only,WSZCZEPA,
FINVIEW,Finance Read-only,WWHITE,
FINVIEW,Finance Read-only,XHU,
FINVIEW,Finance Read-only,YJADHAV,
FINVIEW,Finance Read-only,YWAYKAR,
PROCVIEW,Procurement & Logistics Read-only,,
MSTRVIEW,Master / Base Data Read-only,ABALDONADO,
MSTRVIEW,Master / Base Data Read-only,ABRYLINS,
MSTRVIEW,Master / Base Data Read-only,ADATKHIL,
MSTRVIEW,Master / Base Data Read-only,ADUBEY,
MSTRVIEW,Master / Base Data Read-only,AEBERHAR,
MSTRVIEW,Master / Base Data Read-only,AHUDANI,
MSTRVIEW,Master / Base Data Read-only,AKAZI,
MSTRVIEW,Master / Base Data Read-only,AKHAKIMO,
MSTRVIEW,Master / Base Data Read-only,AKORDE,
MSTRVIEW,Master / Base Data Read-only,AKOT,
MSTRVIEW,Master / Base Data Read-only,AKUDEKAR,
MSTRVIEW,Master / Base Data Read-only,ANCOSTA,
MSTRVIEW,Master / Base Data Read-only,ANSOUZA,
MSTRVIEW,Master / Base Data Read-only,AOLIVEIRA,
MSTRVIEW,Master / Base Data Read-only,AREWERA,
MSTRVIEW,Master / Base Data Read-only,ASARTAPE,
MSTRVIEW,Master / Base Data Read-only,ASOUZA,
MSTRVIEW,Master / Base Data Read-only,ASTAYLOR,
MSTRVIEW,Master / Base Data Read-only,ASUMAIYA,
MSTRVIEW,Master / Base Data Read-only,ASZUBERL,
MSTRVIEW,Master / Base Data Read-only,AVIEIRA,
MSTRVIEW,Master / Base Data Read-only,BCAR,
MSTRVIEW,Master / Base Data Read-only,BEHESS,
MSTRVIEW,Master / Base Data Read-only,BSILVA,
MSTRVIEW,Master / Base Data Read-only,BSTUSIK,
MSTRVIEW,Master / Base Data Read-only,CAANTUNE,
MSTRVIEW,Master / Base Data Read-only,CCRUMP,
MSTRVIEW,Master / Base Data Read-only,CMONTILL,
MSTRVIEW,Master / Base Data Read-only,CNUNES,
MSTRVIEW,Master / Base Data Read-only,CPEREIRA,
MSTRVIEW,Master / Base Data Read-only,CROBERTO,
MSTRVIEW,Master / Base Data Read-only,CVIRGENS,
MSTRVIEW,Master / Base Data Read-only,DANMACLEAN,
MSTRVIEW,Master / Base Data Read-only,DAWALKER,
MSTRVIEW,Master / Base Data Read-only,DDALVI,
MSTRVIEW,Master / Base Data Read-only,DDVALVI,
MSTRVIEW,Master / Base Data Read-only,DGLENNIE,
MSTRVIEW,Master / Base Data Read-only,DGUASTAL,
MSTRVIEW,Master / Base Data Read-only,DHALYS,
MSTRVIEW,Master / Base Data Read-only,DKELLY,
MSTRVIEW,Master / Base Data Read-only,DLOS,
MSTRVIEW,Master / Base Data Read-only,DMARTINS,
MSTRVIEW,Master / Base Data Read-only,DNEWLAND,
MSTRVIEW,Master / Base Data Read-only,DOSSANTO,
MSTRVIEW,Master / Base Data Read-only,DWU,
MSTRVIEW,Master / Base Data Read-only,DYYANG,
MSTRVIEW,Master / Base Data Read-only,EDEABREU,
MSTRVIEW,Master / Base Data Read-only,EFORTUS,
MSTRVIEW,Master / Base Data Read-only,EFRANCO,
MSTRVIEW,Master / Base Data Read-only,EHERVIK,
MSTRVIEW,Master / Base Data Read-only,EICAMPBE,
MSTRVIEW,Master / Base Data Read-only,EKRISTVI,
MSTRVIEW,Master / Base Data Read-only,ELIOLIVE,
MSTRVIEW,Master / Base Data Read-only,EMITCHELL,
MSTRVIEW,Master / Base Data Read-only,ESOREIDE,
MSTRVIEW,Master / Base Data Read-only,FASANTOS,
MSTRVIEW,Master / Base Data Read-only,FEDASILV,
MSTRVIEW,Master / Base Data Read-only,FNGAN,
MSTRVIEW,Master / Base Data Read-only,FOTAVIANO,
MSTRVIEW,Master / Base Data Read-only,GAMONTEI,
MSTRVIEW,Master / Base Data Read-only,GSCHREUD,
MSTRVIEW,Master / Base Data Read-only,HPARMAR,
MSTRVIEW,Master / Base Data Read-only,HPATIL,
MSTRVIEW,Master / Base Data Read-only,IVESELOVSK,
MSTRVIEW,Master / Base Data Read-only,JCAETANO,
MSTRVIEW,Master / Base Data Read-only,JECOOPER,
MSTRVIEW,Master / Base Data Read-only,JFOK,
MSTRVIEW,Master / Base Data Read-only,JKOBYLIN,
MSTRVIEW,Master / Base Data Read-only,JKUPCZAK,
MSTRVIEW,Master / Base Data Read-only,JLOBODA,
MSTRVIEW,Master / Base Data Read-only,JOLIN,
MSTRVIEW,Master / Base Data Read-only,JORRIBEI,
MSTRVIEW,Master / Base Data Read-only,JSANTOS,
MSTRVIEW,Master / Base Data Read-only,JTENGBER,
MSTRVIEW,Master / Base Data Read-only,KASANTOS,
MSTRVIEW,Master / Base Data Read-only,KASTEWAR,
MSTRVIEW,Master / Base Data Read-only,KGAWANDE,
MSTRVIEW,Master / Base Data Read-only,KHENDZEL,
MSTRVIEW,Master / Base Data Read-only,KJANTOSZ,
MSTRVIEW,Master / Base Data Read-only,KMACDONA,
MSTRVIEW,Master / Base Data Read-only,KULTRA,
MSTRVIEW,Master / Base Data Read-only,KWONG,
MSTRVIEW,Master / Base Data Read-only,LBRANDAO,
MSTRVIEW,Master / Base Data Read-only,LDICKSON,
MSTRVIEW,Master / Base Data Read-only,LDUNCAN,
MSTRVIEW,Master / Base Data Read-only,LERANGEL,
MSTRVIEW,Master / Base Data Read-only,LORIBEIR,
MSTRVIEW,Master / Base Data Read-only,LSEVERO,
MSTRVIEW,Master / Base Data Read-only,LUDASILV,
MSTRVIEW,Master / Base Data Read-only,LWATT,
MSTRVIEW,Master / Base Data Read-only,LXIE,
MSTRVIEW,Master / Base Data Read-only,MAJONES,
MSTRVIEW,Master / Base Data Read-only,MBALAS,
MSTRVIEW,Master / Base Data Read-only,MBATOR,
MSTRVIEW,Master / Base Data Read-only,MCHOI,
MSTRVIEW,Master / Base Data Read-only,MCLAYDON,
MSTRVIEW,Master / Base Data Read-only,MCOUTO,
MSTRVIEW,Master / Base Data Read-only,MDAYAPER,
MSTRVIEW,Master / Base Data Read-only,MDEAN,
MSTRVIEW,Master / Base Data Read-only,MHIZONA,
MSTRVIEW,Master / Base Data Read-only,MISOTO,
MSTRVIEW,Master / Base Data Read-only,MKEPA,
MSTRVIEW,Master / Base Data Read-only,MKIM,
MSTRVIEW,Master / Base Data Read-only,MPRIVATTI,
MSTRVIEW,Master / Base Data Read-only,MRAMOS,
MSTRVIEW,Master / Base Data Read-only,NBADRINA,
MSTRVIEW,Master / Base Data Read-only,NBONIFACIO,
MSTRVIEW,Master / Base Data Read-only,NKATHE,
MSTRVIEW,Master / Base Data Read-only,NNUGRHA,
MSTRVIEW,Master / Base Data Read-only,NPARK,
MSTRVIEW,Master / Base Data Read-only,NVROON,
MSTRVIEW,Master / Base Data Read-only,NWIATER,
MSTRVIEW,Master / Base Data Read-only,ODANGMAL,
MSTRVIEW,Master / Base Data Read-only,OMULIK,
MSTRVIEW,Master / Base Data Read-only,ORJUNIOR,
MSTRVIEW,Master / Base Data Read-only,PANDERSON,
MSTRVIEW,Master / Base Data Read-only,PGUASTAL,
MSTRVIEW,Master / Base Data Read-only,PIRSILVA,
MSTRVIEW,Master / Base Data Read-only,PKHONGPAN,
MSTRVIEW,Master / Base Data Read-only,PMIRANDA,
MSTRVIEW,Master / Base Data Read-only,PREN,
MSTRVIEW,Master / Base Data Read-only,PSMITHERAM,
MSTRVIEW,Master / Base Data Read-only,RAKPADAD,
MSTRVIEW,Master / Base Data Read-only,RCHANNA,
MSTRVIEW,Master / Base Data Read-only,RDOCOUTO,
MSTRVIEW,Master / Base Data Read-only,RDURGADE,
MSTRVIEW,Master / Base Data Read-only,RFRANCES,
MSTRVIEW,Master / Base Data Read-only,RHINONG,
MSTRVIEW,Master / Base Data Read-only,RJADHAV,
MSTRVIEW,Master / Base Data Read-only,RJAMES,
MSTRVIEW,Master / Base Data Read-only,RLIANG,
MSTRVIEW,Master / Base Data Read-only,ROBSILVA,
MSTRVIEW,Master / Base Data Read-only,RSANPEDRO,
MSTRVIEW,Master / Base Data Read-only,SCONROY,
MSTRVIEW,Master / Base Data Read-only,SGOWDA,
MSTRVIEW,Master / Base Data Read-only,SJOHNY,
MSTRVIEW,Master / Base Data Read-only,SKALASAP,
MSTRVIEW,Master / Base Data Read-only,SKONING,
MSTRVIEW,Master / Base Data Read-only,SLENGHE,
MSTRVIEW,Master / Base Data Read-only,SMACHLIK,
MSTRVIEW,Master / Base Data Read-only,SMARQUES,
MSTRVIEW,Master / Base Data Read-only,SNPAWAR,
MSTRVIEW,Master / Base Data Read-only,SPATIL,
MSTRVIEW,Master / Base Data Read-only,SPAWAR,
MSTRVIEW,Master / Base Data Read-only,SRANGARAJA,
MSTRVIEW,Master / Base Data Read-only,SSEKHON,
MSTRVIEW,Master / Base Data Read-only,SSHINDE,
MSTRVIEW,Master / Base Data Read-only,STCOLLIN,
MSTRVIEW,Master / Base Data Read-only,STEIXEIR,
MSTRVIEW,Master / Base Data Read-only,SUJOSHI,
MSTRVIEW,Master / Base Data Read-only,TBROUWER,
MSTRVIEW,Master / Base Data Read-only,TCOSTA,
MSTRVIEW,Master / Base Data Read-only,TRODRIGU,
MSTRVIEW,Master / Base Data Read-only,UPATIL,
MSTRVIEW,Master / Base Data Read-only,VASOUZA,
MSTRVIEW,Master / Base Data Read-only,VGRIMSLI,
MSTRVIEW,Master / Base Data Read-only,VISILVA,
MSTRVIEW,Master / Base Data Read-only,VJADHAV,
MSTRVIEW,Master / Base Data Read-only,VMORAES,
MSTRVIEW,Master / Base Data Read-only,VMUDGAL,
MSTRVIEW,Master / Base Data Read-only,VSATPUTE,
MSTRVIEW,Master / Base Data Read-only,VVENUGOP,
MSTRVIEW,Master / Base Data Read-only,WACARVEL,
MSTRVIEW,Master / Base Data Read-only,WCAMARGO,
MSTRVIEW,Master / Base Data Read-only,WECAMARGO,
MSTRVIEW,Master / Base Data Read-only,WESILVA,
MSTRVIEW,Master / Base Data Read-only,WESPEDAL,
MSTRVIEW,Master / Base Data Read-only,WMENDONC,
MSTRVIEW,Master / Base Data Read-only,WROWLES,
MSTRVIEW,Master / Base Data Read-only,WWHITE,
MSTRVIEW,Master / Base Data Read-only,YJADHAV,
MSTRVIEW,Master / Base Data Read-only,YWAYKAR,
MSTRVIEW,Master / Base Data Read-only,ZHAYATH,
AUDITOR,Auditor - Broad Read & Compliance,ABALDONADO,
AUDITOR,Auditor - Broad Read & Compliance,ABRYLINS,
AUDITOR,Auditor - Broad Read & Compliance,ADATKHIL,
AUDITOR,Auditor - Broad Read & Compliance,ADUBEY,
AUDITOR,Auditor - Broad Read & Compliance,AKAZI,
AUDITOR,Auditor - Broad Read & Compliance,AKHAKIMO,
AUDITOR,Auditor - Broad Read & Compliance,AKORDE,
AUDITOR,Auditor - Broad Read & Compliance,AKOT,
AUDITOR,Auditor - Broad Read & Compliance,AKUDEKAR,
AUDITOR,Auditor - Broad Read & Compliance,AREWERA,
AUDITOR,Auditor - Broad Read & Compliance,ASARTAPE,
AUDITOR,Auditor - Broad Read & Compliance,ASOUZA,
AUDITOR,Auditor - Broad Read & Compliance,ASTAYLOR,
AUDITOR,Auditor - Broad Read & Compliance,ASUMAIYA,
AUDITOR,Auditor - Broad Read & Compliance,ASZUBERL,
AUDITOR,Auditor - Broad Read & Compliance,BARK,
AUDITOR,Auditor - Broad Read & Compliance,BCAR,
AUDITOR,Auditor - Broad Read & Compliance,BEHESS,
AUDITOR,Auditor - Broad Read & Compliance,BSILVA,
AUDITOR,Auditor - Broad Read & Compliance,BSTUSIK,
AUDITOR,Auditor - Broad Read & Compliance,CCRUMP,
AUDITOR,Auditor - Broad Read & Compliance,CMONTILL,
AUDITOR,Auditor - Broad Read & Compliance,DANMACLEAN,
AUDITOR,Auditor - Broad Read & Compliance,DDALVI,
AUDITOR,Auditor - Broad Read & Compliance,DDVALVI,
AUDITOR,Auditor - Broad Read & Compliance,DGUASTAL,
AUDITOR,Auditor - Broad Read & Compliance,DHALYS,
AUDITOR,Auditor - Broad Read & Compliance,DLOS,
AUDITOR,Auditor - Broad Read & Compliance,DNEWLAND,
AUDITOR,Auditor - Broad Read & Compliance,DWU,
AUDITOR,Auditor - Broad Read & Compliance,DYYANG,
AUDITOR,Auditor - Broad Read & Compliance,EFORTUS,
AUDITOR,Auditor - Broad Read & Compliance,EFRANCO,
AUDITOR,Auditor - Broad Read & Compliance,EHERVIK,
AUDITOR,Auditor - Broad Read & Compliance,EICAMPBE,
AUDITOR,Auditor - Broad Read & Compliance,EKRISTVI,
AUDITOR,Auditor - Broad Read & Compliance,EMITCHELL,
AUDITOR,Auditor - Broad Read & Compliance,ESOREIDE,
AUDITOR,Auditor - Broad Read & Compliance,FNGAN,
AUDITOR,Auditor - Broad Read & Compliance,GIJUNIOR,
AUDITOR,Auditor - Broad Read & Compliance,GSCHREUD,
AUDITOR,Auditor - Broad Read & Compliance,HPATIL,
AUDITOR,Auditor - Broad Read & Compliance,IVESELOVSK,
AUDITOR,Auditor - Broad Read & Compliance,JECOOPER,
AUDITOR,Auditor - Broad Read & Compliance,JGUDMESTAD,
AUDITOR,Auditor - Broad Read & Compliance,JKOBYLIN,
AUDITOR,Auditor - Broad Read & Compliance,JKUPCZAK,
AUDITOR,Auditor - Broad Read & Compliance,JOLIN,
AUDITOR,Auditor - Broad Read & Compliance,JSANTOS,
AUDITOR,Auditor - Broad Read & Compliance,JTENGBER,
AUDITOR,Auditor - Broad Read & Compliance,KASANTOS,
AUDITOR,Auditor - Broad Read & Compliance,KASTEWAR,
AUDITOR,Auditor - Broad Read & Compliance,KGAWANDE,
AUDITOR,Auditor - Broad Read & Compliance,KHENDZEL,
AUDITOR,Auditor - Broad Read & Compliance,KJANTOSZ,
AUDITOR,Auditor - Broad Read & Compliance,KMACDONA,
AUDITOR,Auditor - Broad Read & Compliance,KULTRA,
AUDITOR,Auditor - Broad Read & Compliance,KWONG,
AUDITOR,Auditor - Broad Read & Compliance,LBRANDAO,
AUDITOR,Auditor - Broad Read & Compliance,LDICKSON,
AUDITOR,Auditor - Broad Read & Compliance,LDUNCAN,
AUDITOR,Auditor - Broad Read & Compliance,LVELINCA,
AUDITOR,Auditor - Broad Read & Compliance,LXIE,
AUDITOR,Auditor - Broad Read & Compliance,MAJONES,
AUDITOR,Auditor - Broad Read & Compliance,MCHOI,
AUDITOR,Auditor - Broad Read & Compliance,MDAYAPER,
AUDITOR,Auditor - Broad Read & Compliance,MHIZONA,
AUDITOR,Auditor - Broad Read & Compliance,MISOTO,
AUDITOR,Auditor - Broad Read & Compliance,MKEPA,
AUDITOR,Auditor - Broad Read & Compliance,MKIM,
AUDITOR,Auditor - Broad Read & Compliance,MRAMOS,
AUDITOR,Auditor - Broad Read & Compliance,NBADRINA,
AUDITOR,Auditor - Broad Read & Compliance,NKATHE,
AUDITOR,Auditor - Broad Read & Compliance,NNUGRHA,
AUDITOR,Auditor - Broad Read & Compliance,NPARK,
AUDITOR,Auditor - Broad Read & Compliance,NVROON,
AUDITOR,Auditor - Broad Read & Compliance,ODANGMAL,
AUDITOR,Auditor - Broad Read & Compliance,OMULIK,
AUDITOR,Auditor - Broad Read & Compliance,PANDERSON,
AUDITOR,Auditor - Broad Read & Compliance,PGUASTAL,
AUDITOR,Auditor - Broad Read & Compliance,PKHONGPAN,
AUDITOR,Auditor - Broad Read & Compliance,PREN,
AUDITOR,Auditor - Broad Read & Compliance,PSMITHERAM,
AUDITOR,Auditor - Broad Read & Compliance,RAKPADAD,
AUDITOR,Auditor - Broad Read & Compliance,RCHANNA,
AUDITOR,Auditor - Broad Read & Compliance,RDURGADE,
AUDITOR,Auditor - Broad Read & Compliance,RJADHAV,
AUDITOR,Auditor - Broad Read & Compliance,RJAMES,
AUDITOR,Auditor - Broad Read & Compliance,SCONROY,
AUDITOR,Auditor - Broad Read & Compliance,SGOWDA,
AUDITOR,Auditor - Broad Read & Compliance,SJOHNY,
AUDITOR,Auditor - Broad Read & Compliance,SKALASAP,
AUDITOR,Auditor - Broad Read & Compliance,SKONING,
AUDITOR,Auditor - Broad Read & Compliance,SLENGHE,
AUDITOR,Auditor - Broad Read & Compliance,SMACHLIK,
AUDITOR,Auditor - Broad Read & Compliance,SMARQUES,
AUDITOR,Auditor - Broad Read & Compliance,SNPAWAR,
AUDITOR,Auditor - Broad Read & Compliance,SPATIL,
AUDITOR,Auditor - Broad Read & Compliance,SPAWAR,
AUDITOR,Auditor - Broad Read & Compliance,SRANGARAJA,
AUDITOR,Auditor - Broad Read & Compliance,SSHINDE,
AUDITOR,Auditor - Broad Read & Compliance,STEIXEIR,
AUDITOR,Auditor - Broad Read & Compliance,SUJOSHI,
AUDITOR,Auditor - Broad Read & Compliance,TBROUWER,
AUDITOR,Auditor - Broad Read & Compliance,TCOSTA,
AUDITOR,Auditor - Broad Read & Compliance,UPATIL,
AUDITOR,Auditor - Broad Read & Compliance,VGRIMSLI,
AUDITOR,Auditor - Broad Read & Compliance,VISILVA,
AUDITOR,Auditor - Broad Read & Compliance,VJADHAV,
AUDITOR,Auditor - Broad Read & Compliance,VMORAES,
AUDITOR,Auditor - Broad Read & Compliance,VMUDGAL,
AUDITOR,Auditor - Broad Read & Compliance,VREITAN,
AUDITOR,Auditor - Broad Read & Compliance,VSATPUTE,
AUDITOR,Auditor - Broad Read & Compliance,VVENUGOP,
AUDITOR,Auditor - Broad Read & Compliance,WROWLES,
AUDITOR,Auditor - Broad Read & Compliance,YJADHAV,
AUDITOR,Auditor - Broad Read & Compliance,YWAYKAR,
AUDITOR,Auditor - Broad Read & Compliance,ZHAYATH,
REPORTS,Reporting & Inquiry,,
MISC,Uncategorized - Review Required,AACHILLE,
MISC,Uncategorized - Review Required,AAMARTIN,
MISC,Uncategorized - Review Required,ABALDONADO,
MISC,Uncategorized - Review Required,ABANNON,
MISC,Uncategorized - Review Required,ABRYLINS,
MISC,Uncategorized - Review Required,ACASTRO,
MISC,Uncategorized - Review Required,ADATKHIL,
MISC,Uncategorized - Review Required,ADUBEY,
MISC,Uncategorized - Review Required,AEBERHAR,
MISC,Uncategorized - Review Required,AHUDANI,
MISC,Uncategorized - Review Required,AJAKOBSSON,
MISC,Uncategorized - Review Required,AKANDWAL,
MISC,Uncategorized - Review Required,AKAZI,
MISC,Uncategorized - Review Required,AKHAKIMO,
MISC,Uncategorized - Review Required,AKORDE,
MISC,Uncategorized - Review Required,AKOT,
MISC,Uncategorized - Review Required,AKUDEKAR,
MISC,Uncategorized - Review Required,ALARSEN,
MISC,Uncategorized - Review Required,ALAU,
MISC,Uncategorized - Review Required,AMORENO,
MISC,Uncategorized - Review Required,ANCOSTA,
MISC,Uncategorized - Review Required,ANIEKERK,
MISC,Uncategorized - Review Required,ANSOUZA,
MISC,Uncategorized - Review Required,AOLIVEIRA,
MISC,Uncategorized - Review Required,AREWERA,
MISC,Uncategorized - Review Required,ARICHARDS,
MISC,Uncategorized - Review Required,ASARTAPE,
MISC,Uncategorized - Review Required,ASELLARS,
MISC,Uncategorized - Review Required,ASOUZA,
MISC,Uncategorized - Review Required,ASTAYLOR,
MISC,Uncategorized - Review Required,ASUMAIYA,
MISC,Uncategorized - Review Required,ASZUBERL,
MISC,Uncategorized - Review Required,AVIEIRA,
MISC,Uncategorized - Review Required,BABRIDGF,
MISC,Uncategorized - Review Required,BARK,
MISC,Uncategorized - Review Required,BAULIK,
MISC,Uncategorized - Review Required,BBRETHER,
MISC,Uncategorized - Review Required,BCAR,
MISC,Uncategorized - Review Required,BCLARK,
MISC,Uncategorized - Review Required,BEHESS,
MISC,Uncategorized - Review Required,BFERREIRA,
MISC,Uncategorized - Review Required,BGLIWA,
MISC,Uncategorized - Review Required,BHORN,
MISC,Uncategorized - Review Required,BKISCH,
MISC,Uncategorized - Review Required,BMAGALHA,
MISC,Uncategorized - Review Required,BNICHOLL,
MISC,Uncategorized - Review Required,BPOST,
MISC,Uncategorized - Review Required,BSILVA,
MISC,Uncategorized - Review Required,BSTEINSE,
MISC,Uncategorized - Review Required,BSTUSIK,
MISC,Uncategorized - Review Required,BTERSTEGE,
MISC,Uncategorized - Review Required,CAANTUNE,
MISC,Uncategorized - Review Required,CCOPELAN,
MISC,Uncategorized - Review Required,CCRUMP,
MISC,Uncategorized - Review Required,CDIXON,
MISC,Uncategorized - Review Required,CFORSYTH,
MISC,Uncategorized - Review Required,CGAULIER,
MISC,Uncategorized - Review Required,CHARDERS,
MISC,Uncategorized - Review Required,CLAWSON,
MISC,Uncategorized - Review Required,CMCCARRON,
MISC,Uncategorized - Review Required,CMCCULLOCH,
MISC,Uncategorized - Review Required,CMONTILL,
MISC,Uncategorized - Review Required,CNUNES,
MISC,Uncategorized - Review Required,COCONNEL,
MISC,Uncategorized - Review Required,COMITCHE,
MISC,Uncategorized - Review Required,CPEREIRA,
MISC,Uncategorized - Review Required,CROBERTO,
MISC,Uncategorized - Review Required,CROSA,
MISC,Uncategorized - Review Required,CTHOM,
MISC,Uncategorized - Review Required,CTORKELSEN,
MISC,Uncategorized - Review Required,CVIRGENS,
MISC,Uncategorized - Review Required,CWASKEY,
MISC,Uncategorized - Review Required,DAGRANT,
MISC,Uncategorized - Review Required,DANMACLEAN,
MISC,Uncategorized - Review Required,DAWALKER,
MISC,Uncategorized - Review Required,DDALVI,
MISC,Uncategorized - Review Required,DDVALVI,
MISC,Uncategorized - Review Required,DEBRADLE,
MISC,Uncategorized - Review Required,DFLAKEMO,
MISC,Uncategorized - Review Required,DGLENNIE,
MISC,Uncategorized - Review Required,DGROENEV,
MISC,Uncategorized - Review Required,DGUASTAL,
MISC,Uncategorized - Review Required,DHALYS,
MISC,Uncategorized - Review Required,DKELLY,
MISC,Uncategorized - Review Required,DLOS,
MISC,Uncategorized - Review Required,DMARTINS,
MISC,Uncategorized - Review Required,DNEWLAND,
MISC,Uncategorized - Review Required,DOSSANTO,
MISC,Uncategorized - Review Required,DPANGILI,
MISC,Uncategorized - Review Required,DRICHES,
MISC,Uncategorized - Review Required,DWU,
MISC,Uncategorized - Review Required,DYYANG,
MISC,Uncategorized - Review Required,EBJORNA,
MISC,Uncategorized - Review Required,EBLIKRA,
MISC,Uncategorized - Review Required,EBRAINWO,
MISC,Uncategorized - Review Required,EDEABREU,
MISC,Uncategorized - Review Required,EFORTUS,
MISC,Uncategorized - Review Required,EFRANCO,
MISC,Uncategorized - Review Required,EGUILLOT,
MISC,Uncategorized - Review Required,EHERVIK,
MISC,Uncategorized - Review Required,EICAMPBE,
MISC,Uncategorized - Review Required,EKLINGAN,
MISC,Uncategorized - Review Required,EKOOLS,
MISC,Uncategorized - Review Required,EKRISTVI,
MISC,Uncategorized - Review Required,ELIOLIVE,
MISC,Uncategorized - Review Required,EMGATLEY,
MISC,Uncategorized - Review Required,EMITCHELL,
MISC,Uncategorized - Review Required,ENIEMIEC,
MISC,Uncategorized - Review Required,ENORDBY,
MISC,Uncategorized - Review Required,ESOREIDE,
MISC,Uncategorized - Review Required,FANDRESE,
MISC,Uncategorized - Review Required,FASANTOS,
MISC,Uncategorized - Review Required,FDATHEST,
MISC,Uncategorized - Review Required,FDENHELDER,
MISC,Uncategorized - Review Required,FEDASILV,
MISC,Uncategorized - Review Required,FNGAN,
MISC,Uncategorized - Review Required,FOTAVIANO,
MISC,Uncategorized - Review Required,FRESILVA,
MISC,Uncategorized - Review Required,GAMONTEI,
MISC,Uncategorized - Review Required,GBARROS,
MISC,Uncategorized - Review Required,GBRANTING,
MISC,Uncategorized - Review Required,GCHRISTIAN,
MISC,Uncategorized - Review Required,GESCARAY,
MISC,Uncategorized - Review Required,GIJUNIOR,
MISC,Uncategorized - Review Required,GJACKSON,
MISC,Uncategorized - Review Required,GJOHANSE,
MISC,Uncategorized - Review Required,GJOHNSEN,
MISC,Uncategorized - Review Required,GRBOWLES,
MISC,Uncategorized - Review Required,GSCHREUD,
MISC,Uncategorized - Review Required,GSKJERSE,
MISC,Uncategorized - Review Required,GTORGERS,
MISC,Uncategorized - Review Required,GTURNER,
MISC,Uncategorized - Review Required,HBEAMES,
MISC,Uncategorized - Review Required,HBOS,
MISC,Uncategorized - Review Required,HBRINGSV,
MISC,Uncategorized - Review Required,HFJELD,
MISC,Uncategorized - Review Required,HGAASKJE,
MISC,Uncategorized - Review Required,HKLEPPE,
MISC,Uncategorized - Review Required,HKRANENB,
MISC,Uncategorized - Review Required,HNESVAG,
MISC,Uncategorized - Review Required,HPARMAR,
MISC,Uncategorized - Review Required,HPATIL,
MISC,Uncategorized - Review Required,HSANDERSEN,
MISC,Uncategorized - Review Required,INLOLAND,
MISC,Uncategorized - Review Required,IOVERLAND,
MISC,Uncategorized - Review Required,IVESELOVSK,
MISC,Uncategorized - Review Required,JALEE,
MISC,Uncategorized - Review Required,JAYPORTE,
MISC,Uncategorized - Review Required,JBURROWS,
MISC,Uncategorized - Review Required,JBUSTOS,
MISC,Uncategorized - Review Required,JCAETANO,
MISC,Uncategorized - Review Required,JCEGIELS,
MISC,Uncategorized - Review Required,JCONCEPC,
MISC,Uncategorized - Review Required,JECOOPER,
MISC,Uncategorized - Review Required,JEIKE,
MISC,Uncategorized - Review Required,JFOK,
MISC,Uncategorized - Review Required,JGUDMESTAD,
MISC,Uncategorized - Review Required,JHOPKINSON,
MISC,Uncategorized - Review Required,JKANESTR,
MISC,Uncategorized - Review Required,JKOBYLIN,
MISC,Uncategorized - Review Required,JKUPCZAK,
MISC,Uncategorized - Review Required,JLADIPAO,
MISC,Uncategorized - Review Required,JLOBODA,
MISC,Uncategorized - Review Required,JLOGAN,
MISC,Uncategorized - Review Required,JMEERSBE,
MISC,Uncategorized - Review Required,JNIELSEN,
MISC,Uncategorized - Review Required,JNORDERHAU,
MISC,Uncategorized - Review Required,JOLIN,
MISC,Uncategorized - Review Required,JOMARTIN,
MISC,Uncategorized - Review Required,JORRIBEI,
MISC,Uncategorized - Review Required,JROZYCKA,
MISC,Uncategorized - Review Required,JRUSSELL,
MISC,Uncategorized - Review Required,JSANTOS,
MISC,Uncategorized - Review Required,JSECKEL,
MISC,Uncategorized - Review Required,JSETSA,
MISC,Uncategorized - Review Required,JTENGBER,
MISC,Uncategorized - Review Required,JUANDREW,
MISC,Uncategorized - Review Required,JWOODING,
MISC,Uncategorized - Review Required,KASANTOS,
MISC,Uncategorized - Review Required,KASTEWAR,
MISC,Uncategorized - Review Required,KAUTH,
MISC,Uncategorized - Review Required,KAWALSH,
MISC,Uncategorized - Review Required,KBRIGGS,
MISC,Uncategorized - Review Required,KCHOHAN,
MISC,Uncategorized - Review Required,KEWILLIAMS,
MISC,Uncategorized - Review Required,KGAWANDE,
MISC,Uncategorized - Review Required,KGJELVIK,
MISC,Uncategorized - Review Required,KHENDZEL,
MISC,Uncategorized - Review Required,KJANTOSZ,
MISC,Uncategorized - Review Required,KKINDEN,
MISC,Uncategorized - Review Required,KKORNEVA,
MISC,Uncategorized - Review Required,KKRAWIEC,
MISC,Uncategorized - Review Required,KLI,
MISC,Uncategorized - Review Required,KLUNDIN,
MISC,Uncategorized - Review Required,KMACDONA,
MISC,Uncategorized - Review Required,KMYKKELT,
MISC,Uncategorized - Review Required,KNATTERO,
MISC,Uncategorized - Review Required,KPHUNG,
MISC,Uncategorized - Review Required,KRIDA,
MISC,Uncategorized - Review Required,KRISPAGE,
MISC,Uncategorized - Review Required,KSPENGLE,
MISC,Uncategorized - Review Required,KTKATCHE,
MISC,Uncategorized - Review Required,KULTRA,
MISC,Uncategorized - Review Required,KWILLIS,
MISC,Uncategorized - Review Required,KWONG,
MISC,Uncategorized - Review Required,LANDERSO,
MISC,Uncategorized - Review Required,LANFINSEN,
MISC,Uncategorized - Review Required,LBRANDAO,
MISC,Uncategorized - Review Required,LCHHABRA,
MISC,Uncategorized - Review Required,LCOOMAN,
MISC,Uncategorized - Review Required,LCOWIE,
MISC,Uncategorized - Review Required,LDEGREEF,
MISC,Uncategorized - Review Required,LDEVINE,
MISC,Uncategorized - Review Required,LDICKSON,
MISC,Uncategorized - Review Required,LDUNCAN,
MISC,Uncategorized - Review Required,LEEUWE02,
MISC,Uncategorized - Review Required,LERANGEL,
MISC,Uncategorized - Review Required,LGRAVES,
MISC,Uncategorized - Review Required,LHODGSON,
MISC,Uncategorized - Review Required,LKOZIK,
MISC,Uncategorized - Review Required,LORIBEIR,
MISC,Uncategorized - Review Required,LSEVERO,
MISC,Uncategorized - Review Required,LSIM,
MISC,Uncategorized - Review Required,LTORKELS,
MISC,Uncategorized - Review Required,LTUTIN,
MISC,Uncategorized - Review Required,LUDASILV,
MISC,Uncategorized - Review Required,LVALANI,
MISC,Uncategorized - Review Required,LVANSON,
MISC,Uncategorized - Review Required,LVELINCA,
MISC,Uncategorized - Review Required,LVIERA,
MISC,Uncategorized - Review Required,LWATT,
MISC,Uncategorized - Review Required,LWOOD,
MISC,Uncategorized - Review Required,LXIE,
MISC,Uncategorized - Review Required,MAGILL,
MISC,Uncategorized - Review Required,MAJONES,
MISC,Uncategorized - Review Required,MAMATONG,
MISC,Uncategorized - Review Required,MBALAS,
MISC,Uncategorized - Review Required,MBATOR,
MISC,Uncategorized - Review Required,MBENNETTS,
MISC,Uncategorized - Review Required,MCARRAS,
MISC,Uncategorized - Review Required,MCATLIN,
MISC,Uncategorized - Review Required,MCHOI,
MISC,Uncategorized - Review Required,MCLAYDON,
MISC,Uncategorized - Review Required,MCOUTINHO,
MISC,Uncategorized - Review Required,MCOUTO,
MISC,Uncategorized - Review Required,MDAGGER,
MISC,Uncategorized - Review Required,MDAYAPER,
MISC,Uncategorized - Review Required,MDEAN,
MISC,Uncategorized - Review Required,MGARRING,
MISC,Uncategorized - Review Required,MGOTTSCH,
MISC,Uncategorized - Review Required,MHAGEMAN,
MISC,Uncategorized - Review Required,MHIZONA,
MISC,Uncategorized - Review Required,MISOTO,
MISC,Uncategorized - Review Required,MJOHANNE,
MISC,Uncategorized - Review Required,MJOHANSEN,
MISC,Uncategorized - Review Required,MJOPSON,
MISC,Uncategorized - Review Required,MJUBB,
MISC,Uncategorized - Review Required,MKEPA,
MISC,Uncategorized - Review Required,MKIM,
MISC,Uncategorized - Review Required,MKOGUT,
MISC,Uncategorized - Review Required,MLUDWINI,
MISC,Uncategorized - Review Required,MMAYNE,
MISC,Uncategorized - Review Required,MPERREN,
MISC,Uncategorized - Review Required,MPRIESTL,
MISC,Uncategorized - Review Required,MPRIVATTI,
MISC,Uncategorized - Review Required,MQUIRKE,
MISC,Uncategorized - Review Required,MRAMOS,
MISC,Uncategorized - Review Required,MSANSALI,
MISC,Uncategorized - Review Required,MSWIETON,
MISC,Uncategorized - Review Required,NALVARES,
MISC,Uncategorized - Review Required,NBADRINA,
MISC,Uncategorized - Review Required,NBONIFACIO,
MISC,Uncategorized - Review Required,NGILCHRI,
MISC,Uncategorized - Review Required,NKATHE,
MISC,Uncategorized - Review Required,NKERR,
MISC,Uncategorized - Review Required,NKOLNES,
MISC,Uncategorized - Review Required,NNUGRHA,
MISC,Uncategorized - Review Required,NPARK,
MISC,Uncategorized - Review Required,NRACIC,
MISC,Uncategorized - Review Required,NROSS,
MISC,Uncategorized - Review Required,NSAFDARY,
MISC,Uncategorized - Review Required,NVROON,
MISC,Uncategorized - Review Required,NWIATER,
MISC,Uncategorized - Review Required,ODANGMAL,
MISC,Uncategorized - Review Required,OGRABI,
MISC,Uncategorized - Review Required,OMAGBANUA,
MISC,Uncategorized - Review Required,OMULIK,
MISC,Uncategorized - Review Required,OOKUESO,
MISC,Uncategorized - Review Required,OOSTEBO,
MISC,Uncategorized - Review Required,ORJUNIOR,
MISC,Uncategorized - Review Required,PANDERSON,
MISC,Uncategorized - Review Required,PDENTON,
MISC,Uncategorized - Review Required,PGAVIN,
MISC,Uncategorized - Review Required,PGUASTAL,
MISC,Uncategorized - Review Required,PIRSILVA,
MISC,Uncategorized - Review Required,PKHONGPAN,
MISC,Uncategorized - Review Required,PLESLIE,
MISC,Uncategorized - Review Required,PLINGEN,
MISC,Uncategorized - Review Required,PMIRANDA,
MISC,Uncategorized - Review Required,PPRESSLI,
MISC,Uncategorized - Review Required,PREN,
MISC,Uncategorized - Review Required,PSMITHERAM,
MISC,Uncategorized - Review Required,PVATTOY,
MISC,Uncategorized - Review Required,QHERGAAR,
MISC,Uncategorized - Review Required,RABATISTA,
MISC,Uncategorized - Review Required,RADAMS,
MISC,Uncategorized - Review Required,RAJKUMAR,
MISC,Uncategorized - Review Required,RAKPADAD,
MISC,Uncategorized - Review Required,RALBERG,
MISC,Uncategorized - Review Required,RCARAGOUNI,
MISC,Uncategorized - Review Required,RCHANNA,
MISC,Uncategorized - Review Required,RDESAY,
MISC,Uncategorized - Review Required,RDOCOUTO,
MISC,Uncategorized - Review Required,RDURGADE,
MISC,Uncategorized - Review Required,REATON,
MISC,Uncategorized - Review Required,RFRANCES,
MISC,Uncategorized - Review Required,RGURSLI,
MISC,Uncategorized - Review Required,RHALILI,
MISC,Uncategorized - Review Required,RHINONG,
MISC,Uncategorized - Review Required,RHOLSTAD,
MISC,Uncategorized - Review Required,RJADHAV,
MISC,Uncategorized - Review Required,RJAMES,
MISC,Uncategorized - Review Required,RJARRETT,
MISC,Uncategorized - Review Required,RLIANG,
MISC,Uncategorized - Review Required,RLONG,
MISC,Uncategorized - Review Required,RMONTES,
MISC,Uncategorized - Review Required,RMUYO,
MISC,Uncategorized - Review Required,RNANHEKHAN,
MISC,Uncategorized - Review Required,ROBSILVA,
MISC,Uncategorized - Review Required,ROSTERHU,
MISC,Uncategorized - Review Required,RPAIVA,
MISC,Uncategorized - Review Required,RSANPEDRO,
MISC,Uncategorized - Review Required,RSTURT,
MISC,Uncategorized - Review Required,RTALLAKS,
MISC,Uncategorized - Review Required,RTATTEN,
MISC,Uncategorized - Review Required,RTATUM,
MISC,Uncategorized - Review Required,RTUMAGAN,
MISC,Uncategorized - Review Required,RVANSCHIJN,
MISC,Uncategorized - Review Required,RVILLANU,
MISC,Uncategorized - Review Required,RWALLACE,
MISC,Uncategorized - Review Required,RWEENING,
MISC,Uncategorized - Review Required,SCONROY,
MISC,Uncategorized - Review Required,SENGER,
MISC,Uncategorized - Review Required,SESPELAN,
MISC,Uncategorized - Review Required,SGANDHIR,
MISC,Uncategorized - Review Required,SGASKELL,
MISC,Uncategorized - Review Required,SGOWDA,
MISC,Uncategorized - Review Required,SHOGGATT,
MISC,Uncategorized - Review Required,SIW,
MISC,Uncategorized - Review Required,SJENNING,
MISC,Uncategorized - Review Required,SJOHNY,
MISC,Uncategorized - Review Required,SKALASAP,
MISC,Uncategorized - Review Required,SKELLY,
MISC,Uncategorized - Review Required,SKONING,
MISC,Uncategorized - Review Required,SLENGHE,
MISC,Uncategorized - Review Required,SLOHR,
MISC,Uncategorized - Review Required,SLOUIE,
MISC,Uncategorized - Review Required,SMACHLIK,
MISC,Uncategorized - Review Required,SMARKWICK,
MISC,Uncategorized - Review Required,SMARQUES,
MISC,Uncategorized - Review Required,SNEZAMIA,
MISC,Uncategorized - Review Required,SNPAWAR,
MISC,Uncategorized - Review Required,SODONNELL,
MISC,Uncategorized - Review Required,SOSLAND,
MISC,Uncategorized - Review Required,SPATIL,
MISC,Uncategorized - Review Required,SPAWAR,
MISC,Uncategorized - Review Required,SRANGARAJA,
MISC,Uncategorized - Review Required,SSEBULON,
MISC,Uncategorized - Review Required,SSEKHON,
MISC,Uncategorized - Review Required,SSHINDE,
MISC,Uncategorized - Review Required,STCOLLIN,
MISC,Uncategorized - Review Required,STEIXEIR,
MISC,Uncategorized - Review Required,STHOMPSON,
MISC,Uncategorized - Review Required,SUGREEN,
MISC,Uncategorized - Review Required,SUJOSHI,
MISC,Uncategorized - Review Required,SWATSON,
MISC,Uncategorized - Review Required,TBASS,
MISC,Uncategorized - Review Required,TBROUWER,
MISC,Uncategorized - Review Required,TBURROUG,
MISC,Uncategorized - Review Required,TCONCEIC,
MISC,Uncategorized - Review Required,TCOSTA,
MISC,Uncategorized - Review Required,TFREDRIK,
MISC,Uncategorized - Review Required,THBAUSTAD,
MISC,Uncategorized - Review Required,THJAKOBSEN,
MISC,Uncategorized - Review Required,TIMCOX,
MISC,Uncategorized - Review Required,TJANSSEN,
MISC,Uncategorized - Review Required,TLAING,
MISC,Uncategorized - Review Required,TMCCABE,
MISC,Uncategorized - Review Required,TOKING,
MISC,Uncategorized - Review Required,TOLSON01,
MISC,Uncategorized - Review Required,TRMALBY,
MISC,Uncategorized - Review Required,TRODRIGU,
MISC,Uncategorized - Review Required,TROSENBERG,
MISC,Uncategorized - Review Required,TTHOMASSEN,
MISC,Uncategorized - Review Required,TVILLARD,
MISC,Uncategorized - Review Required,UPATIL,
MISC,Uncategorized - Review Required,URITAB,
MISC,Uncategorized - Review Required,VASOUZA,
MISC,Uncategorized - Review Required,VGRIMSLI,
MISC,Uncategorized - Review Required,VISILVA,
MISC,Uncategorized - Review Required,VJADHAV,
MISC,Uncategorized - Review Required,VLAW,
MISC,Uncategorized - Review Required,VMORAES,
MISC,Uncategorized - Review Required,VMUDGAL,
MISC,Uncategorized - Review Required,VREITAN,
MISC,Uncategorized - Review Required,VSATPUTE,
MISC,Uncategorized - Review Required,VSOLSEM,
MISC,Uncategorized - Review Required,VVENUGOP,
MISC,Uncategorized - Review Required,WACARVEL,
MISC,Uncategorized - Review Required,WCAMARGO,
MISC,Uncategorized - Review Required,WECAMARGO,
MISC,Uncategorized - Review Required,WESILVA,
MISC,Uncategorized - Review Required,WESPEDAL,
MISC,Uncategorized - Review Required,WMENDONC,
MISC,Uncategorized - Review Required,WROWLES,
MISC,Uncategorized - Review Required,WSTEWART,
MISC,Uncategorized - Review Required,WSZCZEPA,
MISC,Uncategorized - Review Required,WWHITE,
MISC,Uncategorized - Review Required,XHU,
MISC,Uncategorized - Review Required,YJADHAV,
MISC,Uncategorized - Review Required,YWAYKAR,
MISC,Uncategorized - Review Required,ZHAYATH,
