oscono|osdivi|osprtf|osdevd|osusid|osmedc|ossiid|ossvra|osport|oscsid|oshold|ossave|oscfot|osusgr|osfmtp|osrgdt|osrgtm|oslmdt|oschno|oschid|osrfpi|osrfpb|osolay|osrpof|oslmts|oshpri
100||||||M3_IDM_XML||0||*NO|*YES|*NO||LETTER|20260504|164822|20260504|2|SKUMAR|3|3||3|1777913434328|0
100||APS041PF||||M3_IDM_CSV||0||*NO|*YES|*NO||LETTER|20260504|164437|20260504|1|ERICP1|3|3||3|1777913077213|0
100||APS113PF||||M3_IDM_CSV||0||*NO|*YES|*NO||LETTER|20260504|164437|20260504|1|ERICP1|3|3||3|1777913077283|0
100||APS135PF||||M3_IDM_COM||0||*NO|*YES|*NO||LETTER|20260504|164437|20260504|1|ERICP1|3|3||3|1777913077344|0
100||APS136PF||||M3_IDM_CSV||0||*NO|*YES|*NO||LETTER|20260504|164437|20260504|1|ERICP1|3|3||3|1777913077413|0
100||APS139PF||||M3_IDM_COM||0||*NO|*YES|*NO||LETTER|20260504|164437|20260504|1|ERICP1|3|3||3|1777913077467|0
100||APS141PF||MBUENSUCE||M3_IDM_XML||0||*NO|*YES|*YES||LETTER|20260504|164437|20260504|1|ERICP1|1|1||3|1777913077543|0
100||APS141PF||SKUMAR||M3_IDM_XML||0||*NO|*YES|*NO||LETTER|20260504|164437|20260504|1|ERICP1|3|3||3|1777913077612|0
100||APS161PF||SKUMAR||M3_IDM_CSV||0||*NO|*YES|*NO||LETTER|20260504|164437|20260504|1|ERICP1|3|3||3|1777913077683|0
100||APS162PF||SKUMAR||M3_IDM_COM||0||*NO|*YES|*YES||LETTER|20260504|164437|20260504|1|ERICP1|3|3||3|1777913077743|0
100||APS163PF||SKUMAR||M3_IDM_CSV||0||*NO|*YES|*NO||LETTER|20260504|164437|20260504|1|ERICP1|3|3||3|1777913077808|0
100||APS164PF||SKUMAR||M3_IDM_CSV||0||*NO|*YES|*NO||LETTER|20260504|164437|20260504|1|ERICP1|3|3||3|1777913077866|0
100||APS198PF||SKUMAR||M3_IDM_CSV||0||*NO|*YES|*NO||LETTER|20260504|164437|20260504|1|ERICP1|3|3||3|1777913077929|0
100||APS311PF||SKUMAR||M3_IDM_CSV||0||*NO|*YES|*NO||LETTER|20260504|164437|20260504|1|ERICP1|3|3||3|1777913077995|0
100||APS383PF||SKUMAR||M3_IDM_CSV||0||*NO|*YES|*NO||LETTER|20260504|164438|20260504|1|ERICP1|3|3||3|1777913078059|0
100||APS403PF||SKUMAR||M3_IDM_CSV||0||*NO|*YES|*NO||LETTER|20260504|164438|20260504|1|ERICP1|3|3||3|1777913078120|0
100||APS428PF||SKUMAR||M3_IDM_CSV||0||*NO|*YES|*NO||LETTER|20260504|164438|20260504|1|ERICP1|3|3||3|1777913078177|0
100||APS433PF||SKUMAR||M3_IDM_CSV||0||*NO|*YES|*NO||LETTER|20260504|164438|20260504|1|ERICP1|3|3||3|1777913078240|0
100||APS443PF||SKUMAR||M3_IDM_CSV||0||*NO|*YES|*NO||LETTER|20260504|164438|20260504|1|ERICP1|3|3||3|1777913078304|0
100||APS457PF||SKUMAR||M3_IDM_CSV||0||*NO|*YES|*NO||LETTER|20260504|164438|20260504|1|ERICP1|3|3||3|1777913078363|0
100||APS464PF||SKUMAR||M3_IDM_CSV||0||*NO|*YES|*NO||LETTER|20260504|164438|20260504|1|ERICP1|3|3||3|1777913078416|0
100||APS501PF||SKUMAR||M3_IDM_COM||0||*NO|*YES|*NO||LETTER|20260504|164438|20260504|1|ERICP1|3|3||3|1777913078469|0
100||APS506PF||SKUMAR||M3_IDM_CSV||0||*NO|*YES|*NO||LETTER|20260504|164438|20260504|1|ERICP1|3|3||3|1777913078528|0
100||APS511PF||SKUMAR||M3_IDM_CSV||0||*NO|*YES|*NO||LETTER|20260504|164438|20260504|1|ERICP1|3|3||3|1777913078581|0
100||APS516PF||SKUMAR||M3_IDM_CSV||0||*NO|*YES|*NO||LETTER|20260504|164438|20260504|1|ERICP1|3|3||3|1777913078642|0
100||APS521PF||SKUMAR||M3_IDM_CSV||0||*NO|*YES|*NO||LETTER|20260504|164438|20260504|1|ERICP1|3|3||3|1777913078695|0
100||APS526PF||SKUMAR||M3_IDM_CSV||0||*NO|*YES|*NO||LETTER|20260504|164438|20260504|1|ERICP1|3|3||3|1777913078750|0
100||APS531PF||SKUMAR||M3_IDM_CSV||0||*NO|*YES|*NO||LETTER|20260504|164438|20260504|1|ERICP1|3|3||3|1777913078808|0
100||APS541PF||SKUMAR||M3_IDM_CSV||0||*NO|*YES|*NO||LETTER|20260504|164438|20260504|1|ERICP1|3|3||3|1777913078863|0
100||APS542PF||SKUMAR||M3_IDM_CSV||0||*NO|*YES|*NO||LETTER|20260504|164438|20260504|1|ERICP1|3|3||3|1777913078923|0
100||APS546PF||SKUMAR||M3_IDM_CSV||0||*NO|*YES|*NO||LETTER|20260504|164438|20260504|1|ERICP1|3|3||3|1777913078976|0
100||APS552PF||SKUMAR||M3_IDM_CSV||0||*NO|*YES|*NO||LETTER|20260504|164439|20260504|1|ERICP1|3|3||3|1777913079035|0
100||APS556PF||SKUMAR||M3_IDM_CSV||0||*NO|*YES|*NO||LETTER|20260504|164439|20260504|1|ERICP1|3|3||3|1777913079087|0
100||APS561PF||SKUMAR||M3_IDM_CSV||0||*NO|*YES|*NO||LETTER|20260504|164439|20260504|1|ERICP1|3|3||3|1777913079141|0
100||APS566PF||SKUMAR||M3_IDM_CSV||0||*NO|*YES|*NO||LETTER|20260504|164439|20260504|1|ERICP1|3|3||3|1777913079207|0
100||APS571PF||SKUMAR||M3_IDM_CSV||0||*NO|*YES|*NO||LETTER|20260504|164439|20260504|1|ERICP1|3|3||3|1777913079262|0
100||APS576PF||SKUMAR||M3_IDM_CSV||0||*NO|*YES|*NO||LETTER|20260504|164439|20260504|1|ERICP1|3|3||3|1777913079317|0
100||APS582PF||SKUMAR||M3_IDM_COM||0||*NO|*YES|*NO||LETTER|20260504|164439|20260504|1|ERICP1|3|3||3|1777913079373|0
100||APS587PF||SKUMAR||M3_IDM_COM||0||*NO|*YES|*NO||LETTER|20260504|164439|20260504|1|ERICP1|3|3||3|1777913079422|0
100||APS607PF||SKUMAR||M3_IDM_CSV||0||*NO|*YES|*NO||LETTER|20260504|164439|20260504|1|ERICP1|3|3||3|1777913079480|0
100||APS612P2||SKUMAR||M3_IDM_CSV||0||*NO|*YES|*NO||LETTER|20260504|164439|20260504|1|ERICP1|3|3||3|1777913079548|0
100||APS612PF||SKUMAR||M3_IDM_CSV||0||*NO|*YES|*NO||LETTER|20260504|164439|20260504|1|ERICP1|3|3||3|1777913079610|0
100||APS912PF||SKUMAR||M3_IDM_CSV||0||*NO|*YES|*NO||LETTER|20260504|164439|20260504|1|ERICP1|3|3||3|1777913079667|0
100||APS917PF||SKUMAR||M3_IDM_CSV||0||*NO|*YES|*NO||LETTER|20260504|164439|20260504|1|ERICP1|3|3||3|1777913079722|0
100||ARS132PF||SKUMAR||M3_IDM_CSV||0||*NO|*YES|*NO||LETTER|20260504|164439|20260504|1|ERICP1|3|3||3|1777913079781|0
100||ARS133PF||SKUMAR||M3_IDM_CSV||0||*NO|*YES|*NO||LETTER|20260504|164439|20260504|1|ERICP1|3|3||3|1777913079847|0
100||ARS137PF||SKUMAR||M3_IDM_CSV||0||*NO|*YES|*NO||LETTER|20260504|164439|20260504|1|ERICP1|3|3||3|1777913079949|0
100||ARS138PF||SKUMAR||M3_IDM_CSV||0||*NO|*YES|*NO||LETTER|20260504|164440|20260504|1|ERICP1|3|3||3|1777913080005|0
100||ARS143PF||SKUMAR||M3_IDM_CSV||0||*NO|*YES|*NO||LETTER|20260504|164440|20260504|1|ERICP1|3|3||3|1777913080061|0
100||ARS149PF||SKUMAR||M3_IDM_XML||0||*NO|*YES|*NO||A4|20260504|164440|20260504|1|ERICP1|3|3||3|1777913080117|0
100||ARS153PF||SKUMAR||M3_IDM_CSV||0||*NO|*YES|*NO||A4|20260504|164440|20260504|1|ERICP1|3|3||3|1777913080182|0
100||ARS159PF||SKUMAR||M3_IDM_XML||0||*NO|*YES|*NO||A4|20260504|164440|20260504|1|ERICP1|3|3||3|1777913080242|0
100||ARS163PF||SKUMAR||M3_IDM_CSV||0||*NO|*YES|*NO||A4|20260504|164440|20260504|1|ERICP1|3|3||3|1777913080308|0
100||ARS173PF||SKUMAR||M3_IDM_CSV||0||*NO|*YES|*NO||A4|20260504|164440|20260504|1|ERICP1|3|3||3|1777913080366|0
100||ARS183PF||SKUMAR||M3_IDM_CSV||0||*NO|*YES|*NO||A4|20260504|164440|20260504|1|ERICP1|3|3||3|1777913080424|0
100||ARS193PF||SKUMAR||M3_IDM_CSV||0||*NO|*YES|*NO||A4|20260504|164440|20260504|1|ERICP1|3|3||3|1777913080530|0
100||ARS197PF||SKUMAR||M3_IDM_CSV||0||*NO|*YES|*NO||A4|20260504|164440|20260504|1|ERICP1|3|3||3|1777913080589|0
100||ARS305PF||SKUMAR||M3_IDM_CSV||0||*NO|*YES|*NO||A4|20260504|164440|20260504|1|ERICP1|3|3||3|1777913080651|0
100||ARS306PF||SKUMAR||M3_IDM_CSV||0||*NO|*YES|*NO||A4|20260504|164440|20260504|1|ERICP1|3|3||3|1777913080711|0
100||ARS308PF||SKUMAR||M3_IDM_CSV||0||*NO|*YES|*NO||A4|20260504|164440|20260504|1|ERICP1|3|3||3|1777913080775|0
100||ARS311PF||SKUMAR||M3_IDM_CSV||0||*NO|*YES|*NO||A4|20260504|164440|20260504|1|ERICP1|3|3||3|1777913080831|0
100||ARS312PF||SKUMAR||M3_IDM_CSV||0||*NO|*YES|*NO||A4|20260504|164440|20260504|1|ERICP1|3|3||3|1777913080887|0
100||ARS323PF||SKUMAR||M3_IDM_CSV||0||*NO|*YES|*NO||A4|20260504|164440|20260504|1|ERICP1|3|3||3|1777913080943|0
100||ARS373PF||SKUMAR||M3_IDM_CSV||0||*NO|*YES|*NO||A4|20260504|164441|20260504|1|ERICP1|3|3||3|1777913081002|0
100||ARS379PF||SKUMAR||M3_IDM_CSV||0||*NO|*YES|*NO||A4|20260504|164441|20260504|1|ERICP1|3|3||3|1777913081060|0
100||ARS462PF||SKUMAR||M3_IDM_CSV||0||*NO|*YES|*NO||A4|20260504|164441|20260504|1|ERICP1|3|3||3|1777913081119|0
100||ARS474PF||SKUMAR||M3_IDM_CSV||0||*NO|*YES|*NO||A4|20260504|164441|20260504|1|ERICP1|3|3||3|1777913081178|0
100||ARS501PF||SKUMAR||M3_IDM_COM||0||*NO|*YES|*NO||A4|20260504|164441|20260504|1|ERICP1|3|3||3|1777913081231|0
100||ARS501PF||SKUMAR||M3_IDM_COM||0||*NO|*YES|*NO||A4|20260504|164441|20260504|1|ERICP1|3|3||3|1777913081291|0
100||ARS506PF||SKUMAR||M3_IDM_CSV||0||*NO|*YES|*NO||A4|20260504|164441|20260504|1|ERICP1|3|3||3|1777913081349|0
100||ARS511PF||SKUMAR||M3_IDM_CSV||0||*NO|*YES|*NO||A4|20260504|164441|20260504|1|ERICP1|3|3||3|1777913081404|0
100||ARS516PF||SKUMAR||M3_IDM_CSV||0||*NO|*YES|*NO||A4|20260504|164441|20260504|1|ERICP1|3|3||3|1777913081563|0
100||ARS521PF||SKUMAR||M3_IDM_CSV||0||*NO|*YES|*NO||A4|20260504|164441|20260504|1|ERICP1|3|3||3|1777913081653|0
100||ARS526PF||SKUMAR||M3_IDM_CSV||0||*NO|*YES|*NO||A4|20260504|164441|20260504|1|ERICP1|3|3||3|1777913081721|0
100||ARS541PF||SKUMAR||M3_IDM_CSV||0||*NO|*YES|*NO||A4|20260504|164441|20260504|1|ERICP1|3|3||3|1777913081808|0
100||ARS542PF||SKUMAR||M3_IDM_CSV||0||*NO|*YES|*NO||A4|20260504|164441|20260504|1|ERICP1|3|3||3|1777913081911|0
100||ARS546PF||SKUMAR||M3_IDM_CSV||0||*NO|*YES|*NO||A4|20260504|164441|20260504|1|ERICP1|3|3||3|1777913081969|0
100||ARS552PF||SKUMAR||M3_IDM_CSV||0||*NO|*YES|*NO||A4|20260504|164442|20260504|1|ERICP1|3|3||3|1777913082022|0
100||ARS561PF||SKUMAR||M3_IDM_CSV||0||*NO|*YES|*NO||A4|20260504|164442|20260504|1|ERICP1|3|3||3|1777913082082|0
100||ARS566PF||SKUMAR||M3_IDM_CSV||0||*NO|*YES|*NO||A4|20260504|164442|20260504|1|ERICP1|3|3||3|1777913082146|0
100||ARS571PF||SKUMAR||M3_IDM_CSV||0||*NO|*YES|*NO||A4|20260504|164442|20260504|1|ERICP1|3|3||3|1777913082279|0
100||ARS606PF||SKUMAR||M3_IDM_CSV||0||*NO|*YES|*NO||A4|20260504|164442|20260504|1|ERICP1|3|3||3|1777913082355|0
100||ARS611PF||SKUMAR||M3_IDM_CSV||0||*NO|*YES|*NO||A4|20260504|164442|20260504|1|ERICP1|3|3||3|1777913082424|0
100||ARS659PF||SKUMAR||M3_IDM_XML||0||*NO|*YES|*NO||A4|20260504|164442|20260504|1|ERICP1|3|3||3|1777913082492|0
100||ARS912PF||SKUMAR||M3_IDM_CSV||0||*NO|*YES|*NO||A4|20260504|164442|20260504|1|ERICP1|3|3||3|1777913082550|0
100||BUS103PF||SKUMAR||M3_IDM_CSV||0||*NO|*YES|*NO||A4|20260504|164442|20260504|1|ERICP1|3|3||3|1777913082609|0
100||CAMNGPPF||SKUMAR||M3_IDM_CSV||0||*NO|*YES|*NO||A4|20260504|164442|20260504|1|ERICP1|3|3||3|1777913082666|0
100||CAS171PF||SKUMAR||M3_IDM_CSV||0||*NO|*YES|*NO||A4|20260504|164442|20260504|1|ERICP1|3|3||3|1777913082722|0
100||CAS174PF||SKUMAR||M3_IDM_CSV||0||*NO|*YES|*NO||A4|20260504|164442|20260504|1|ERICP1|3|3||3|1777913082793|0
100||CAS175PF||SKUMAR||M3_IDM_CSV||0||*NO|*YES|*NO||A4|20260504|164442|20260504|1|ERICP1|3|3||3|1777913082848|0
100||CAS186PF||SKUMAR||M3_IDM_CSV||0||*NO|*YES|*NO||A4|20260504|164442|20260504|1|ERICP1|3|3||3|1777913082908|0
100||CAS187PF||SKUMAR||M3_IDM_CSV||0||*NO|*YES|*NO||A4|20260504|164442|20260504|1|ERICP1|3|3||3|1777913082971|0
100||CAS188PF||SKUMAR||M3_IDM_CSV||0||*NO|*YES|*NO||A4|20260504|164443|20260504|1|ERICP1|3|3||3|1777913083041|0
100||CAS189PF||SKUMAR||M3_IDM_CSV||0||*NO|*YES|*NO||A4|20260504|164443|20260504|1|ERICP1|3|3||3|1777913083121|0
100||CAS321PF||SKUMAR||M3_IDM_CSV||0||*NO|*YES|*NO||A4|20260504|164443|20260504|1|ERICP1|3|3||3|1777913083184|0
100||CAS372PF||SKUMAR||M3_IDM_CSV||0||*NO|*YES|*NO||A4|20260504|164443|20260504|1|ERICP1|3|3||3|1777913083243|0
100||CAS376PF||SKUMAR||M3_IDM_CSV||0||*NO|*YES|*NO||A4|20260504|164443|20260504|1|ERICP1|3|3||3|1777913083392|0
100||CAS406PF||SKUMAR||M3_IDM_CSV||0||*NO|*YES|*NO||A4|20260504|164443|20260504|1|ERICP1|3|3||3|1777913083450|0
100||CAS501PF||SKUMAR||M3_IDM_COM||0||*NO|*YES|*NO||A4|20260504|164443|20260504|1|ERICP1|3|3||3|1777913083503|0
100||CAS506PF||SKUMAR||M3_IDM_CSV||0||*NO|*YES|*NO||A4|20260504|164443|20260504|1|ERICP1|3|3||3|1777913083570|0
100||CAS512PF||SKUMAR||M3_IDM_CSV||0||*NO|*YES|*NO||A4|20260504|164443|20260504|1|ERICP1|3|3||3|1777913083630|0
100||CAS517PF||SKUMAR||M3_IDM_COM||0||*NO|*YES|*NO||A4|20260504|164443|20260504|1|ERICP1|3|3||3|1777913083684|0
100||CAS521PF||SKUMAR||M3_IDM_COM||0||*NO|*YES|*NO||A4|20260504|164443|20260504|1|ERICP1|3|3||3|1777913083741|0
100||CAS526PF||SKUMAR||M3_IDM_COM||0||*NO|*YES|*NO||A4|20260504|164443|20260504|1|ERICP1|3|3||3|1777913083801|0
100||CAS531PF||SKUMAR||M3_IDM_COM||0||*NO|*YES|*NO||A4|20260504|164443|20260504|1|ERICP1|3|3||3|1777913083859|0
100||CAS537PF||SKUMAR||M3_IDM_COM||0||*NO|*YES|*NO||A4|20260504|164443|20260504|1|ERICP1|3|3||3|1777913083915|0
100||CAS541PF||SKUMAR||M3_IDM_CSV||0||*NO|*YES|*NO||A4|20260504|164443|20260504|1|ERICP1|3|3||3|1777913083974|0
100||CAS551PF||SKUMAR||M3_IDM_COM||0||*NO|*YES|*NO||A4|20260504|164444|20260504|1|ERICP1|3|3||3|1777913084035|0
100||CAS571PF||SKUMAR||M3_IDM_CSV||0||*NO|*YES|*NO||A4|20260504|164444|20260504|1|ERICP1|3|3||3|1777913084092|0
100||CAS907PF||SKUMAR||M3_IDM_CSV||0||*NO|*YES|*NO||A4|20260504|164444|20260504|1|ERICP1|3|3||3|1777913084148|0
100||CAS912PF||SKUMAR||M3_IDM_CSV||0||*NO|*YES|*NO||A4|20260504|164444|20260504|1|ERICP1|3|3||3|1777913084197|0
100||CAS952PF||SKUMAR||M3_IDM_CSV||0||*NO|*YES|*NO||A4|20260504|164444|20260504|1|ERICP1|3|3||3|1777913084250|0
100||CAS953PF||SKUMAR||M3_IDM_CSV||0||*NO|*YES|*NO||A4|20260504|164444|20260504|1|ERICP1|3|3||3|1777913084306|0
100||CAS954PF||SKUMAR||M3_IDM_CSV||0||*NO|*YES|*NO||A4|20260504|164444|20260504|1|ERICP1|3|3||3|1777913084357|0
100||CAS955PF||SKUMAR||M3_IDM_CSV||0||*NO|*YES|*NO||A4|20260504|164444|20260504|1|ERICP1|3|3||3|1777913084416|0
100||CAS956PF||SKUMAR||M3_IDM_CSV||0||*NO|*YES|*NO||A4|20260504|164444|20260504|1|ERICP1|3|3||3|1777913084475|0
100||CAS966PF||SKUMAR||M3_IDM_CSV||0||*NO|*YES|*NO||A4|20260504|164444|20260504|1|ERICP1|3|3||3|1777913084534|0
100||CAS969PF||SKUMAR||M3_IDM_CSV||0||*NO|*YES|*NO||A4|20260504|164444|20260504|1|ERICP1|3|3||3|1777913084592|0
100||CMS143PF||SKUMAR||M3_IDM_CSV||0||*NO|*YES|*NO||A4|20260504|164444|20260504|1|ERICP1|3|3||3|1777913084646|0
100||CMS226PF||SKUMAR||M3_IDM_CSV||0||*NO|*YES|*NO||A4|20260504|164444|20260504|1|ERICP1|3|3||3|1777913084699|0
100||CMS923PF||SKUMAR||M3_IDM_CSV||0||*NO|*YES|*NO||A4|20260504|164444|20260504|1|ERICP1|3|3||3|1777913084754|0
100||CMS928PF||SKUMAR||M3_IDM_CSV||0||*NO|*YES|*NO||A4|20260504|164444|20260504|1|ERICP1|3|3||3|1777913084881|0
100||COS091PF||SKUMAR||M3_IDM_CSV||0||*NO|*YES|*NO||A4|20260504|164444|20260504|1|ERICP1|3|3||3|1777913084940|0
100||COS176PF||SKUMAR||M3_IDM_CSV||0||*NO|*YES|*NO||A4|20260504|164445|20260504|1|ERICP1|3|3||3|1777913085006|0
100||COS178PF||SKUMAR||M3_IDM_CSV||0||*NO|*YES|*NO||A4|20260504|164445|20260504|1|ERICP1|3|3||3|1777913085078|0
100||COS198PF||SKUMAR||M3_IDM_CSV||0||*NO|*YES|*NO||A4|20260504|164445|20260504|1|ERICP1|3|3||3|1777913085156|0
100||COS436PF||SKUMAR||M3_IDM_CSV||0||*NO|*YES|*NO||A4|20260504|164445|20260504|1|ERICP1|3|3||3|1777913085231|0
100||COS611PF||SKUMAR||M3_IDM_CSV||0||*NO|*YES|*NO||A4|20260504|164445|20260504|1|ERICP1|3|3||3|1777913085285|0
100||COS651PF||SKUMAR||M3_IDM_CSV||0||*NO|*YES|*NO||A4|20260504|164445|20260504|1|ERICP1|3|3||3|1777913085352|0
100||COS661PF||SKUMAR||M3_IDM_CSV||0||*NO|*YES|*NO||A4|20260504|164445|20260504|1|ERICP1|3|3||3|1777913085429|0
100||COS671PF||SKUMAR||M3_IDM_CSV||0||*NO|*YES|*NO||A4|20260504|164445|20260504|1|ERICP1|3|3||3|1777913085516|0
100||CRS398PF||SKUMAR||M3_IDM_CSV||0||*NO|*YES|*NO||A4|20260504|164445|20260504|1|ERICP1|3|3||3|1777913085587|0
100||CRS601PF||SKUMAR||M3_IDM_CSV||0||*NO|*YES|*NO||A4|20260504|164445|20260504|1|ERICP1|3|3||3|1777913085687|0
100||CRS616PF||SKUMAR||M3_IDM_CSV||0||*NO|*YES|*NO||A4|20260504|164445|20260504|1|ERICP1|3|3||3|1777913085781|0
100||CRS626PF||SKUMAR||M3_IDM_CSV||0||*NO|*YES|*NO||A4|20260504|164445|20260504|1|ERICP1|3|3||3|1777913085880|0
100||CRS641PF||SKUMAR||M3_IDM_CSV||0||*NO|*YES|*NO||A4|20260504|164445|20260504|1|ERICP1|3|3||3|1777913085949|0
100||CRS643PF||SKUMAR||M3_IDM_CSV||0||*NO|*YES|*NO||A4|20260504|164446|20260504|1|ERICP1|3|3||3|1777913086025|0
100||CRS649PF||SKUMAR||M3_IDM_CSV||0||*NO|*YES|*NO||A4|20260504|164446|20260504|1|ERICP1|3|3||3|1777913086111|0
100||CRS656PF||SKUMAR||M3_IDM_CSV||0||*NO|*YES|*NO||A4|20260504|164446|20260504|1|ERICP1|3|3||3|1777913086204|0
100||CRS674PF||SKUMAR||M3_IDM_XML||0||*NO|*YES|*NO||LETTER|20260504|164446|20260504|1|ERICP1|1|1||3|1777913086271|0
100||DPS601PF||SKUMAR||M3_IDM_CSV||0||*NO|*YES|*NO||LETTER|20260504|164446|20260504|1|ERICP1|3|3||3|1777913086363|0
100||ECS436PF||SKUMAR||M3_IDM_CSV||0||*NO|*YES|*NO||LETTER|20260504|164446|20260504|1|ERICP1|3|3||3|1777913086427|0
100||FAS016PF||SKUMAR||M3_IDM_CSV||0||*NO|*YES|*NO||LETTER|20260504|164446|20260504|1|ERICP1|3|3||3|1777913086529|0
100||FAS101PF||SKUMAR||M3_IDM_CSV||0||*NO|*YES|*NO||LETTER|20260504|164446|20260504|1|ERICP1|3|3||3|1777913086644|0
100||FAS102PF||SKUMAR||M3_IDM_CSV||0||*NO|*YES|*NO||LETTER|20260504|164446|20260504|1|ERICP1|3|3||3|1777913086738|0
100||FAS103PF||SKUMAR||M3_IDM_CSV||0||*NO|*YES|*NO||LETTER|20260504|164446|20260504|1|ERICP1|3|3||3|1777913086858|0
100||FAS107PF||SKUMAR||M3_IDM_CSV||0||*NO|*YES|*NO||LETTER|20260504|164447|20260504|1|ERICP1|3|3||3|1777913087002|0
100||FAS108PF||SKUMAR||M3_IDM_CSV||0||*NO|*YES|*NO||LETTER|20260504|164447|20260504|1|ERICP1|3|3||3|1777913087055|0
100||FAS117PF||SKUMAR||M3_IDM_CSV||0||*NO|*YES|*NO||LETTER|20260504|164447|20260504|1|ERICP1|3|3||3|1777913087104|0
100||FAS122PF||SKUMAR||M3_IDM_CSV||0||*NO|*YES|*NO||LETTER|20260504|164447|20260504|1|ERICP1|3|3||3|1777913087157|0
100||FAS123PF||SKUMAR||M3_IDM_CSV||0||*NO|*YES|*NO||LETTER|20260504|164447|20260504|1|ERICP1|3|3||3|1777913087209|0
100||FAS141PF||SKUMAR||M3_IDM_CSV||0||*NO|*YES|*NO||LETTER|20260504|164447|20260504|1|ERICP1|3|3||3|1777913087267|0
100||FAS146PF||SKUMAR||M3_IDM_CSV||0||*NO|*YES|*NO||LETTER|20260504|164447|20260504|1|ERICP1|3|3||3|1777913087317|0
100||FAS153PF||SKUMAR||M3_IDM_CSV||0||*NO|*YES|*NO||LETTER|20260504|164447|20260504|1|ERICP1|3|3||3|1777913087368|0
100||FAS156PF||SKUMAR||M3_IDM_CSV||0||*NO|*YES|*NO||LETTER|20260504|164447|20260504|1|ERICP1|3|3||3|1777913087422|0
100||FAS172PF||SKUMAR||M3_IDM_CSV||0||*NO|*YES|*NO||LETTER|20260504|164447|20260504|1|ERICP1|3|3||3|1777913087476|0
100||FAS177PF||SKUMAR||M3_IDM_CSV||0||*NO|*YES|*NO||LETTER|20260504|164447|20260504|1|ERICP1|3|3||3|1777913087537|0
100||FAS178PF||SKUMAR||M3_IDM_CSV||0||*NO|*YES|*NO||LETTER|20260504|164447|20260504|1|ERICP1|3|3||3|1777913087591|0
100||FAS193PF||SKUMAR||M3_IDM_CSV||0||*NO|*YES|*NO||LETTER|20260504|164447|20260504|1|ERICP1|3|3||3|1777913087644|0
100||FAS312PF||SKUMAR||M3_IDM_CSV||0||*NO|*YES|*NO||LETTER|20260504|164447|20260504|1|ERICP1|3|3||3|1777913087693|0
100||FAS501PF||SKUMAR||M3_IDM_CSV||0||*NO|*YES|*NO||LETTER|20260504|164447|20260504|1|ERICP1|3|3||3|1777913087742|0
100||FAS511PF||SKUMAR||M3_IDM_COM||0||*NO|*YES|*NO||LETTER|20260504|164447|20260504|1|ERICP1|3|3||3|1777913087794|0
100||FAS513PF||SKUMAR||M3_IDM_CSV||0||*NO|*YES|*NO||LETTER|20260504|164447|20260504|1|ERICP1|3|3||3|1777913087845|0
100||FAS516PF||SKUMAR||M3_IDM_CSV||0||*NO|*YES|*NO||LETTER|20260504|164447|20260504|1|ERICP1|3|3||3|1777913087897|0
100||FAS521PF||SKUMAR||M3_IDM_COM||0||*NO|*YES|*NO||LETTER|20260504|164447|20260504|1|ERICP1|3|3||3|1777913087952|0
100||FAS534PF||SKUMAR||M3_IDM_COM||0||*NO|*YES|*NO||LETTER|20260504|164448|20260504|1|ERICP1|3|3||3|1777913088011|0
100||FAS535PF||SKUMAR||M3_IDM_CSV||0||*NO|*YES|*NO||LETTER|20260504|164448|20260504|1|ERICP1|3|3||3|1777913088076|0
100||FAS551PF||SKUMAR||M3_IDM_COM||0||*NO|*YES|*NO||LETTER|20260504|164448|20260504|1|ERICP1|3|3||3|1777913088126|0
100||FAS561PF||SKUMAR||M3_IDM_CSV||0||*NO|*YES|*NO||LETTER|20260504|164448|20260504|1|ERICP1|3|3||3|1777913088179|0
100||FAS567PF||SKUMAR||M3_IDM_COM||0||*NO|*YES|*NO||LETTER|20260504|164448|20260504|1|ERICP1|3|3||3|1777913088230|0
100||GLS036PF||SKUMAR||M3_IDM_CSV||0||*NO|*YES|*NO||LETTER|20260504|164448|20260504|1|ERICP1|3|3||3|1777913088286|0
100||GLS041P2||SKUMAR||M3_IDM_CSV||0||*NO|*YES|*NO||LETTER|20260504|164448|20260504|1|ERICP1|3|3||3|1777913088404|0
100||GLS041P3||SKUMAR||M3_IDM_CSV||0||*NO|*YES|*NO||LETTER|20260504|164448|20260504|1|ERICP1|3|3||3|1777913088454|0
100||GLS041P4||SKUMAR||M3_IDM_CSV||0||*NO|*YES|*NO||LETTER|20260504|164448|20260504|1|ERICP1|3|3||3|1777913088502|0
100||GLS041P5||SKUMAR||M3_IDM_CSV||0||*NO|*YES|*NO||LETTER|20260504|164448|20260504|1|ERICP1|3|3||3|1777913088561|0
100||GLS041PF||SKUMAR||M3_IDM_COM||0||*NO|*YES|*NO||LETTER|20260504|164448|20260504|1|ERICP1|3|3||3|1777913088615|0
100||GLS042PF||SKUMAR||M3_IDM_CSV||0||*NO|*YES|*NO||LETTER|20260504|164448|20260504|1|ERICP1|3|3||3|1777913088678|0
100||GLS097PF||SKUMAR||M3_IDM_CSV||0||*NO|*YES|*NO||LETTER|20260504|164448|20260504|1|ERICP1|3|3||3|1777913088734|0
100||GLS135PF||SKUMAR||M3_IDM_CSV||0||*NO|*YES|*NO||LETTER|20260504|164448|20260504|1|ERICP1|3|3||3|1777913088788|0
100||GLS141PF||SKUMAR||M3_IDM_CSV||0||*NO|*YES|*NO||LETTER|20260504|164448|20260504|1|ERICP1|3|3||3|1777913088837|0
100||GLS162PF||SKUMAR||M3_IDM_CSV||0||*NO|*YES|*NO||LETTER|20260504|164448|20260504|1|ERICP1|3|3||3|1777913088910|0
100||GLS165PF||SKUMAR||M3_IDM_CSV||0||*NO|*YES|*NO||LETTER|20260504|164448|20260504|1|ERICP1|3|3||3|1777913088963|0
100||GLS168PF||SKUMAR||M3_IDM_CSV||0||*NO|*YES|*NO||LETTER|20260504|164449|20260504|1|ERICP1|3|3||3|1777913089017|0
100||GLS182PF||SKUMAR||M3_IDM_CSV||0||*NO|*YES|*NO||LETTER|20260504|164449|20260504|1|ERICP1|3|3||3|1777913089072|0
100||GLS184PF||SKUMAR||M3_IDM_CSV||0||*NO|*YES|*NO||LETTER|20260504|164449|20260504|1|ERICP1|3|3||3|1777913089127|0
100||GLS191PF||SKUMAR||M3_IDM_CSV||0||*NO|*YES|*NO||LETTER|20260504|164449|20260504|1|ERICP1|3|3||3|1777913089185|0
100||GLS476PF||SKUMAR||M3_IDM_CSV||0||*NO|*YES|*NO||LETTER|20260504|164449|20260504|1|ERICP1|3|3||3|1777913089242|0
100||GLS481PF||SKUMAR||M3_IDM_CSV||0||*NO|*YES|*NO||LETTER|20260504|164449|20260504|1|ERICP1|3|3||3|1777913089295|0
100||GLS506PF||SKUMAR||M3_IDM_COM||0||*NO|*YES|*NO||LETTER|20260504|164449|20260504|1|ERICP1|3|3||3|1777913089345|0
100||GLS512PF||SKUMAR||M3_IDM_COM||0||*NO|*YES|*NO||LETTER|20260504|164449|20260504|1|ERICP1|3|3||3|1777913089401|0
100||GLS516PF||SKUMAR||M3_IDM_COM||0||*NO|*YES|*NO||LETTER|20260504|164449|20260504|1|ERICP1|3|3||3|1777913089463|0
100||GLS523PF||SKUMAR||M3_IDM_COM||0||*NO|*YES|*NO||LETTER|20260504|164449|20260504|1|ERICP1|3|3||3|1777913089515|0
100||GLS526PF||SKUMAR||M3_IDM_COM||0||*NO|*YES|*NO||LETTER|20260504|164449|20260504|1|ERICP1|3|3||3|1777913089567|0
100||GLS539PF||SKUMAR||M3_IDM_CSV||0||*NO|*YES|*NO||LETTER|20260504|164449|20260504|1|ERICP1|3|3||3|1777913089620|0
100||GLS607PF||SKUMAR||M3_IDM_CSV||0||*NO|*YES|*NO||LETTER|20260504|164449|20260504|1|ERICP1|3|3||3|1777913089671|0
100||GLS617PF||SKUMAR||M3_IDM_CSV||0||*NO|*YES|*NO||LETTER|20260504|164449|20260504|1|ERICP1|3|3||3|1777913089728|0
100||GLS622PF||SKUMAR||M3_IDM_CSV||0||*NO|*YES|*NO||LETTER|20260504|164449|20260504|1|ERICP1|3|3||3|1777913089912|0
100||GLS626PF||SKUMAR||M3_IDM_CSV||0||*NO|*YES|*NO||LETTER|20260504|164450|20260504|1|ERICP1|3|3||3|1777913090006|0
100||GLS642PF||SKUMAR||M3_IDM_CSV||0||*NO|*YES|*NO||LETTER|20260504|164450|20260504|1|ERICP1|3|3||3|1777913090091|0
100||GLS681PF||SKUMAR||M3_IDM_CSV||0||*NO|*YES|*NO||LETTER|20260504|164450|20260504|1|ERICP1|3|3||3|1777913090167|0
100||GLS907PF||SKUMAR||M3_IDM_CSV||0||*NO|*YES|*NO||LETTER|20260504|164450|20260504|1|ERICP1|3|3||3|1777913090231|0
100||GLS918PF||SKUMAR||M3_IDM_CSV||0||*NO|*YES|*NO||LETTER|20260504|164450|20260504|1|ERICP1|3|3||3|1777913090330|0
100||GLS932PF||SKUMAR||M3_IDM_CSV||0||*NO|*YES|*NO||LETTER|20260504|164450|20260504|1|ERICP1|3|3||3|1777913090412|0
100||GLS946PF||SKUMAR||M3_IDM_CSV||0||*NO|*YES|*NO||LETTER|20260504|164450|20260504|1|ERICP1|3|3||3|1777913090485|0
100||GLS961PF||SKUMAR||M3_IDM_CSV||0||*NO|*YES|*NO||LETTER|20260504|164450|20260504|1|ERICP1|3|3||3|1777913090545|0
100||GLS966PF||SKUMAR||M3_IDM_CSV||0||*NO|*YES|*NO||LETTER|20260504|164450|20260504|1|ERICP1|3|3||3|1777913090603|0
100||GLS971PF||SKUMAR||M3_IDM_CSV||0||*NO|*YES|*NO||LETTER|20260504|164450|20260504|1|ERICP1|3|3||3|1777913090661|0
100||GLS976PF||SKUMAR||M3_IDM_CSV||0||*NO|*YES|*NO||LETTER|20260504|164450|20260504|1|ERICP1|3|3||3|1777913090716|0
100||GLS982PF||SKUMAR||M3_IDM_CSV||0||*NO|*YES|*NO||LETTER|20260504|164450|20260504|1|ERICP1|3|3||3|1777913090769|0
100||GLS998PF||SKUMAR||M3_IDM_CSV||0||*NO|*YES|*NO||LETTER|20260504|164450|20260504|1|ERICP1|3|3||3|1777913090826|0
100||GMS213PF||SKUMAR||M3_IDM_CSV||0||*NO|*YES|*NO||LETTER|20260504|164450|20260504|1|ERICP1|3|3||3|1777913090882|0
100||GMS223PF||SKUMAR||M3_IDM_CSV||0||*NO|*YES|*NO||LETTER|20260504|164450|20260504|1|ERICP1|3|3||3|1777913090958|0
100||GMS328PF||SKUMAR||M3_IDM_CSV||0||*NO|*YES|*NO||LETTER|20260504|164451|20260504|1|ERICP1|3|3||3|1777913091027|0
100||LIS611PF||SKUMAR||M3_IDM_CSV||0||*NO|*YES|*NO||LETTER|20260504|164451|20260504|1|ERICP1|3|3||3|1777913091088|0
100||LTS671PF||SKUMAR||M3_IDM_CSV||0||*NO|*YES|*NO||LETTER|20260504|164451|20260504|1|ERICP1|3|3||3|1777913091176|0
100||LTS830PF||SKUMAR||M3_IDM_CSV||0||*NO|*YES|*NO||LETTER|20260504|164451|20260504|1|ERICP1|3|3||3|1777913091251|0
100||MFS103PF||SKUMAR||M3_IDM_CSV||0||*NO|*YES|*NO||LETTER|20260504|164451|20260504|1|ERICP1|3|3||3|1777913091310|0
100||MFS305PF||SKUMAR||M3_IDM_CSV||0||*NO|*YES|*NO||LETTER|20260504|164451|20260504|1|ERICP1|3|3||3|1777913091368|0
100||MFS306PF||SKUMAR||M3_IDM_CSV||0||*NO|*YES|*NO||LETTER|20260504|164451|20260504|1|ERICP1|3|3||3|1777913091428|0
100||MMS103PF||SKUMAR||M3_IDM_CSV||0||*NO|*YES|*NO||LETTER|20260504|164451|20260504|1|ERICP1|3|3||3|1777913091491|0
100||MMS107PF||SKUMAR||M3_IDM_CSV||0||*NO|*YES|*NO||LETTER|20260504|164451|20260504|1|ERICP1|3|3||3|1777913091545|0
100||MMS178PF||SKUMAR||M3_IDM_CSV||0||*NO|*YES|*NO||LETTER|20260504|164451|20260504|1|ERICP1|3|3||3|1777913091686|0
100||MMS188PF||SKUMAR||M3_IDM_CSV||0||*NO|*YES|*NO||LETTER|20260504|164451|20260504|1|ERICP1|3|3||3|1777913091754|0
100||MMS191PF||SKUMAR||M3_IDM_CSV||0||*NO|*YES|*NO||LETTER|20260504|164451|20260504|1|ERICP1|3|3||3|1777913091824|0
100||MMS480PF||SKUMAR||M3_IDM_XML||0||*NO|*YES|*NO||LETTER|20260504|164451|20260504|1|ERICP1|3|3||3|1777913091912|0
100||MMS516PF||SKUMAR||M3_IDM_CSV||0||*NO|*YES|*NO||LETTER|20260504|164451|20260504|1|ERICP1|3|3||3|1777913091989|0
100||MMS526PF||SKUMAR||M3_IDM_CSV||0||*NO|*YES|*NO||LETTER|20260504|164452|20260504|1|ERICP1|3|3||3|1777913092055|0
100||MMS602PF||SKUMAR||M3_IDM_CSV||0||*NO|*YES|*NO||LETTER|20260504|164452|20260504|1|ERICP1|3|3||3|1777913092117|0
100||MMS612PF||SKUMAR||M3_IDM_CSV||0||*NO|*YES|*NO||LETTER|20260504|164452|20260504|1|ERICP1|3|3||3|1777913092173|0
100||MMS616PF||SKUMAR||M3_IDM_CSV||0||*NO|*YES|*NO||LETTER|20260504|164452|20260504|1|ERICP1|3|3||3|1777913092240|0
100||MMS621PF||SKUMAR||M3_IDM_CSV||0||*NO|*YES|*NO||LETTER|20260504|164452|20260504|1|ERICP1|3|3||3|1777913092313|0
100||MMS626PF||SKUMAR||M3_IDM_CSV||0||*NO|*YES|*NO||LETTER|20260504|164452|20260504|1|ERICP1|3|3||3|1777913092388|0
100||MMS631PF||SKUMAR||M3_IDM_CSV||0||*NO|*YES|*NO||LETTER|20260504|164452|20260504|1|ERICP1|3|3||3|1777913092453|0
100||MMS636PF||SKUMAR||M3_IDM_CSV||0||*NO|*YES|*NO||LETTER|20260504|164452|20260504|1|ERICP1|3|3||3|1777913092544|0
100||MMS641PF||SKUMAR||M3_IDM_CSV||0||*NO|*YES|*NO||LETTER|20260504|164452|20260504|1|ERICP1|3|3||3|1777913092597|0
100||MMS646PF||SKUMAR||M3_IDM_CSV||0||*NO|*YES|*NO||LETTER|20260504|164452|20260504|1|ERICP1|3|3||3|1777913092659|0
100||MMS651PF||SKUMAR||M3_IDM_CSV||0||*NO|*YES|*NO||LETTER|20260504|164452|20260504|1|ERICP1|3|3||3|1777913092746|0
100||MMS656PF||SKUMAR||M3_IDM_CSV||0||*NO|*YES|*NO||LETTER|20260504|164452|20260504|1|ERICP1|3|3||3|1777913092818|0
100||MMS672PF||SKUMAR||M3_IDM_CSV||0||*NO|*YES|*NO||LETTER|20260504|164452|20260504|1|ERICP1|3|3||3|1777913092882|0
100||MMS677PF||SKUMAR||M3_IDM_CSV||0||*NO|*YES|*NO||LETTER|20260504|164452|20260504|1|ERICP1|3|3||3|1777913092997|0
100||MMS681PF||SKUMAR||M3_IDM_CSV||0||*NO|*YES|*NO||LETTER|20260504|164453|20260504|1|ERICP1|3|3||3|1777913093072|0
100||MMS686PF||SKUMAR||M3_IDM_CSV||0||*NO|*YES|*NO||LETTER|20260504|164453|20260504|1|ERICP1|3|3||3|1777913093144|0
100||MNS620PF||SKUMAR||M3_IDM_XML||0||*NO|*YES|*NO||LETTER|20260504|164453|20260504|1|ERICP1|3|3||3|1777913093208|0
100||MOS132PF||SKUMAR||M3_IDM_CSV||0||*NO|*YES|*NO||LETTER|20260504|164453|20260504|1|ERICP1|3|3||3|1777913093288|0
100||MOS139PF||SKUMAR||M3_IDM_CSV||0||*NO|*YES|*NO||LETTER|20260504|164453|20260504|1|ERICP1|3|3||3|1777913093357|0
100||MOS601PF||SKUMAR||M3_IDM_CSV||0||*NO|*YES|*NO||LETTER|20260504|164453|20260504|1|ERICP1|3|3||3|1777913093422|0
100||MOS611PF||SKUMAR||M3_IDM_CSV||0||*NO|*YES|*NO||LETTER|20260504|164453|20260504|1|ERICP1|3|3||3|1777913093522|0
100||MOS613PF||SKUMAR||M3_IDM_CSV||0||*NO|*YES|*NO||LETTER|20260504|164453|20260504|1|ERICP1|3|3||3|1777913093578|0
100||MOS616PF||SKUMAR||M3_IDM_CSV||0||*NO|*YES|*NO||LETTER|20260504|164453|20260504|1|ERICP1|3|3||3|1777913093645|0
100||MOS626PF||SKUMAR||M3_IDM_CSV||0||*NO|*YES|*NO||LETTER|20260504|164453|20260504|1|ERICP1|3|3||3|1777913093702|0
100||MOS631PF||SKUMAR||M3_IDM_CSV||0||*NO|*YES|*NO||LETTER|20260504|164453|20260504|1|ERICP1|3|3||3|1777913093753|0
100||MOS636PF||SKUMAR||M3_IDM_CSV||0||*NO|*YES|*NO||LETTER|20260504|164453|20260504|1|ERICP1|3|3||3|1777913093811|0
100||MOS651PF||SKUMAR||M3_IDM_CSV||0||*NO|*YES|*NO||LETTER|20260504|164453|20260504|1|ERICP1|3|3||3|1777913093867|0
100||MOS661PF||SKUMAR||M3_IDM_CSV||0||*NO|*YES|*NO||LETTER|20260504|164453|20260504|1|ERICP1|3|3||3|1777913093930|0
100||MOS671PF||SKUMAR||M3_IDM_CSV||0||*NO|*YES|*NO||LETTER|20260504|164453|20260504|1|ERICP1|3|3||3|1777913093986|0
100||MOS676PF||SKUMAR||M3_IDM_CSV||0||*NO|*YES|*NO||LETTER|20260504|164454|20260504|1|ERICP1|3|3||3|1777913094040|0
100||MOS753PF||SKUMAR||M3_IDM_CSV||0||*NO|*YES|*NO||LETTER|20260504|164454|20260504|1|ERICP1|3|3||3|1777913094095|0
100||MWS061PF||SKUMAR||M3_IDM_CSV||0||*NO|*YES|*NO||LETTER|20260504|164454|20260504|1|ERICP1|3|3||3|1777913094149|0
100||MWS071PF||SKUMAR||M3_IDM_CSV||0||*NO|*YES|*NO||LETTER|20260504|164454|20260504|1|ERICP1|3|3||3|1777913094196|0
100||MWS435PF||SKUMAR||M3_IDM_XML||0||*NO|*YES|*NO||LETTER|20260504|164454|20260504|1|ERICP1|3|3||3|1777913094285|0
100||MWS450PF||SKUMAR||M3_IDM_XML||0||*NO|*YES|*NO||LETTER|20260504|164454|20260504|1|ERICP1|3|3||3|1777913094338|0
100||MWS610PF||SKUMAR||M3_IDM_XML||0||*NO|*YES|*NO||LETTER|20260504|164454|20260504|1|ERICP1|3|3||3|1777913094396|0
100||MWS620PF||SKUMAR||M3_IDM_XML||0||*NO|*YES|*NO||LETTER|20260504|164454|20260504|1|ERICP1|3|3||3|1777913094449|0
100||MWS640PF||SKUMAR||M3_IDM_XML||0||*NO|*YES|*NO||LETTER|20260504|164454|20260504|1|ERICP1|3|3||3|1777913094495|0
100||OIS078PF||SKUMAR||M3_IDM_CSV||0||*NO|*YES|*NO||LETTER|20260504|164454|20260504|1|ERICP1|3|3||3|1777913094557|0
100||OIS083PF||SKUMAR||M3_IDM_CSV||0||*NO|*YES|*NO||LETTER|20260504|164454|20260504|1|ERICP1|3|3||3|1777913094611|0
100||OIS088PF||SKUMAR||M3_IDM_CSV||0||*NO|*YES|*NO||LETTER|20260504|164454|20260504|1|ERICP1|3|3||3|1777913094661|0
100||OIS091PF||SKUMAR||M3_IDM_CSV||0||*NO|*YES|*NO||LETTER|20260504|164454|20260504|1|ERICP1|3|3||3|1777913094717|0
100||OIS098PF||SKUMAR||M3_IDM_CSV||0||*NO|*YES|*NO||LETTER|20260504|164454|20260504|1|ERICP1|3|3||3|1777913094772|0
100||OIS199PF||SKUMAR||M3_IDM_XML||0||*NO|*YES|*NO||LETTER|20260504|164454|20260504|1|ERICP1|3|3||3|1777913094835|0
100||OIS199PF||MBUENSUCE||M3_IDM_XML||0||*NO|*YES|*YES||LETTER|20260504|164454|20260504|1|ERICP1|3|3||3|1777913094899|0
100||OIS222PF||MBUENSUCE||M3_IDM_CSV||0||*NO|*YES|*NO||LETTER|20260504|164454|20260504|1|ERICP1|3|3||3|1777913094988|0
100||OIS224PF||MBUENSUCE||M3_IDM_CSV||0||*NO|*YES|*NO||LETTER|20260504|164455|20260504|1|ERICP1|3|3||3|1777913095044|0
100||OIS232PF||MBUENSUCE||M3_IDM_CSV||0||*NO|*YES|*NO||LETTER|20260504|164455|20260504|1|ERICP1|3|3||3|1777913095099|0
100||OIS262PF||MBUENSUCE||M3_IDM_CSV||0||*NO|*YES|*NO||LETTER|20260504|164455|20260504|1|ERICP1|3|3||3|1777913095164|0
100||OIS419PF||MBUENSUCE||M3_IDM_CSV||0||*NO|*YES|*NO||LETTER|20260504|164455|20260504|1|ERICP1|3|3||3|1777913095233|0
100||OIS511PF||MBUENSUCE||M3_IDM_CSV||0||*NO|*YES|*NO||LETTER|20260504|164455|20260504|1|ERICP1|3|3||3|1777913095294|0
100||OIS538PF||MBUENSUCE||M3_IDM_CSV||0||*NO|*YES|*YES||LETTER|20260504|164455|20260504|1|ERICP1|3|3||3|1777913095347|0
100||OIS551PF||MBUENSUCE||M3_IDM_CSV||0||*NO|*YES|*NO||LETTER|20260504|164455|20260504|1|ERICP1|3|3||3|1777913095406|0
100||OIS606PF||MBUENSUCE||M3_IDM_XML||0||*NO|*YES|*NO||LETTER|20260504|164455|20260504|1|ERICP1|3|3||3|1777913095465|0
100||OIS671PF||MBUENSUCE||M3_IDM_COM||0||*NO|*YES|*NO||LETTER|20260504|164455|20260504|1|ERICP1|3|3||3|1777913095522|0
100||OIS690PF||MBUENSUCE||M3_IDM_CSV||0||*NO|*YES|*NO||LETTER|20260504|164455|20260504|1|ERICP1|3|3||3|1777913095577|0
100||PCS250PF||MBUENSUCE||M3_IDM_CSV||0||*NO|*YES|*NO||LETTER|20260504|164455|20260504|1|ERICP1|3|3||3|1777913095644|0
100||PCS411PF||MBUENSUCE||M3_IDM_COM||0||*NO|*YES|*NO||LETTER|20260504|164455|20260504|1|ERICP1|3|3||3|1777913095716|0
100||PCS411PF||WGM3SVC||M3_IDM_CSV||0||*NO|*YES|*NO||LETTER|20260504|164455|20260504|1|ERICP1|1|1||30|1777913095772|0
100||PCS421PF||WGM3SVC||M3_IDM_CSV||0||*NO|*YES|*NO||LETTER|20260504|164455|20260504|1|ERICP1|3|3||30|1777913095837|0
100||PCS441PF||WGM3SVC||M3_IDM_CSV||0||*NO|*YES|*NO||LETTER|20260504|164455|20260504|1|ERICP1|3|3||30|1777913095893|0
100||PCS493PF||WGM3SVC||M3_IDM_CSV||0||*NO|*YES|*NO||LETTER|20260504|164455|20260504|1|ERICP1|3|3||30|1777913095952|0
100||PCS497PF||WGM3SVC||M3_IDM_CSV||0||*NO|*YES|*NO||LETTER|20260504|164456|20260504|1|ERICP1|3|3||30|1777913096031|0
100||PCS498PF||WGM3SVC||M3_IDM_CSV||0||*NO|*YES|*NO||LETTER|20260504|164456|20260504|1|ERICP1|3|3||30|1777913096094|0
100||PDS511PF||WGM3SVC||M3_IDM_CSV||0||*NO|*YES|*NO||LETTER|20260504|164456|20260504|1|ERICP1|3|3||30|1777913096154|0
100||PDS521PF||WGM3SVC||M3_IDM_CSV||0||*NO|*YES|*NO||LETTER|20260504|164456|20260504|1|ERICP1|3|3||30|1777913096232|0
100||PDS526PF||WGM3SVC||M3_IDM_CSV||0||*NO|*YES|*NO||LETTER|20260504|164456|20260504|1|ERICP1|3|3||30|1777913096296|0
100||PDS531PF||WGM3SVC||M3_IDM_CSV||0||*NO|*YES|*NO||LETTER|20260504|164456|20260504|1|ERICP1|3|3||30|1777913096354|0
100||PMS232PF||WGM3SVC||M3_IDM_CSV||0||*NO|*YES|*NO||LETTER|20260504|164456|20260504|1|ERICP1|3|3||30|1777913096423|0
100||PMS236PF||WGM3SVC||M3_IDM_CSV||0||*NO|*YES|*NO||LETTER|20260504|164456|20260504|1|ERICP1|3|3||30|1777913096476|0
100||PMS601PF||WGM3SVC||M3_IDM_CSV||0||*NO|*YES|*NO||LETTER|20260504|164456|20260504|1|ERICP1|3|3||30|1777913096586|0
100||PMS611PF||WGM3SVC||M3_IDM_CSV||0||*NO|*YES|*NO||LETTER|20260504|164456|20260504|1|ERICP1|3|3||30|1777913096652|0
100||PMS621PF||WGM3SVC||M3_IDM_CSV||0||*NO|*YES|*NO||LETTER|20260504|164456|20260504|1|ERICP1|3|3||30|1777913096709|0
100||PMS626PF||WGM3SVC||M3_IDM_CSV||0||*NO|*YES|*YES||LETTER|20260504|164456|20260504|1|ERICP1|3|3||3|1777913096768|0
100||PMS671PF||WGM3SVC||M3_IDM_CSV||0||*NO|*YES|*NO||LETTER|20260504|164456|20260504|1|ERICP1|3|3||3|1777913096832|0
100||POS098PF||WGM3SVC||M3_IDM_CSV||0||*NO|*YES|*NO||LETTER|20260504|164456|20260504|1|ERICP1|3|3||3|1777913096887|0
100||POS601PF||WGM3SVC||M3_IDM_CSV||0||*NO|*YES|*NO||LETTER|20260504|164456|20260504|1|ERICP1|3|3||3|1777913096945|0
100||POS602PF||WGM3SVC||M3_IDM_CSV||0||*NO|*YES|*NO||LETTER|20260504|164457|20260504|1|ERICP1|3|3||3|1777913097007|0
100||POS631PF||WGM3SVC||M3_IDM_CSV||0||*NO|*YES|*NO||LETTER|20260504|164457|20260504|1|ERICP1|3|3||3|1777913097067|0
100||POS651PF||WGM3SVC||M3_IDM_CSV||0||*NO|*YES|*NO||LETTER|20260504|164457|20260504|1|ERICP1|3|3||3|1777913097133|0
100||POS653PF||WGM3SVC||M3_IDM_CSV||0||*NO|*YES|*NO||LETTER|20260504|164457|20260504|1|ERICP1|3|3||3|1777913097187|0
100||POS655PF||WGM3SVC||M3_IDM_CSV||0||*NO|*YES|*NO||LETTER|20260504|164457|20260504|1|ERICP1|3|3||3|1777913097247|0
100||POS656PF||WGM3SVC||M3_IDM_CSV||0||*NO|*YES|*NO||LETTER|20260504|164457|20260504|1|ERICP1|3|3||3|1777913097302|0
100||POS991PF||WGM3SVC||M3_IDM_CSV||0||*NO|*YES|*NO||LETTER|20260504|164457|20260504|1|ERICP1|3|3||3|1777913097362|0
100||PPS186PF||WGM3SVC||M3_IDM_CSV||0||*NO|*YES|*NO||LETTER|20260504|164457|20260504|1|ERICP1|3|3||3|1777913097420|0
100||PPS312PF||WGM3SVC||M3_IDM_XML||0||*NO|*YES|*NO||LETTER|20260504|164457|20260504|1|ERICP1|3|3||3|1777913097475|0
100||PPS447PF||WGM3SVC||M3_IDM_CSV||0||*NO|*YES|*NO||LETTER|20260504|164457|20260504|1|ERICP1|3|3||3|1777913097585|0
100||PPS522PF||WGM3SVC||M3_IDM_CSV||0||*NO|*YES|*NO||LETTER|20260504|164457|20260504|1|ERICP1|3|3||3|1777913097644|0
100||PPS536PF||WGM3SVC||M3_IDM_CSV||0||*NO|*YES|*NO||LETTER|20260504|164457|20260504|1|ERICP1|3|3||3|1777913097704|0
100||PPS551P4||WGM3SVC||M3_IDM_CSV||0||*NO|*YES|*NO||LETTER|20260504|164457|20260504|1|ERICP1|3|3||3|1777913097769|0
100||PPS551PF||WGM3SVC||M3_IDM_CSV||0||*NO|*YES|*NO||LETTER|20260504|164457|20260504|1|ERICP1|3|3||3|1777913097836|0
100||PPS558PF||WGM3SVC||M3_IDM_CSV||0||*NO|*YES|*NO||LETTER|20260504|164457|20260504|1|ERICP1|3|3||3|1777913097906|0
100||PPS561PF||WGM3SVC||M3_IDM_CSV||0||*NO|*YES|*NO||LETTER|20260504|164457|20260504|1|ERICP1|3|3||3|1777913097962|0
100||PPS591PF||WGM3SVC||M3_IDM_CSV||0||*NO|*YES|*NO||LETTER|20260504|164458|20260504|1|ERICP1|3|3||3|1777913098027|0
100||PPS601PF||WGM3SVC||M3_IDM_XML||0||*NO|*YES|*NO||LETTER|20260504|164458|20260504|1|ERICP1|3|3||3|1777913098082|0
100||PPS621PF||WGM3SVC||M3_IDM_CSV||0||*NO|*YES|*NO||LETTER|20260504|164458|20260504|1|ERICP1|3|3||3|1777913098190|0
100||PPS622PF||WGM3SVC||M3_IDM_CSV||0||*NO|*YES|*NO||LETTER|20260504|164458|20260504|1|ERICP1|3|3||3|1777913098263|0
100||PPS636PF||WGM3SVC||M3_IDM_CSV||0||*NO|*YES|*NO||LETTER|20260504|164458|20260504|1|ERICP1|3|3||3|1777913098317|0
100||PPS637PF||WGM3SVC||M3_IDM_CSV||0||*NO|*YES|*NO||LETTER|20260504|164458|20260504|1|ERICP1|3|3||3|1777913098381|0
100||PPS641PF||WGM3SVC||M3_IDM_CSV||0||*NO|*YES|*NO||LETTER|20260504|164458|20260504|1|ERICP1|3|3||3|1777913098443|0
100||PPS661PF||WGM3SVC||M3_IDM_CSV||0||*NO|*YES|*NO||LETTER|20260504|164458|20260504|1|ERICP1|3|3||3|1777913098504|0
100||PPS811PF||WGM3SVC||M3_IDM_CSV||0||*NO|*YES|*NO||LETTER|20260504|164458|20260504|1|ERICP1|3|3||3|1777913098554|0
100||PPS821PF||WGM3SVC||M3_IDM_XML||0||*NO|*YES|*YES||LETTER|20260504|164458|20260504|1|ERICP1|1|1||3|1777913098613|0
100||PPS861PF||WGM3SVC||M3_IDM_CSV||0||*NO|*YES|*NO||LETTER|20260504|164458|20260504|1|ERICP1|3|3||3|1777913098673|0
100||PPS871PF||WGM3SVC||M3_IDM_CSV||0||*NO|*YES|*NO||LETTER|20260504|164458|20260504|1|ERICP1|3|3||3|1777913098724|0
100||PPS876PF||WGM3SVC||M3_IDM_CSV||0||*NO|*YES|*NO||LETTER|20260504|164458|20260504|1|ERICP1|3|3||3|1777913098785|0
100||PPS881PF||WGM3SVC||M3_IDM_CSV||0||*NO|*YES|*NO||LETTER|20260504|164458|20260504|1|ERICP1|3|3||3|1777913098849|0
100||PPS972PF||WGM3SVC||M3_IDM_CSV||0||*NO|*YES|*NO||LETTER|20260504|164458|20260504|1|ERICP1|3|3||3|1777913098905|0
100||QMS601PF||WGM3SVC||M3_IDM_XML||0||*NO|*YES|*YES||LETTER|20260504|164458|20260504|1|ERICP1|3|3||3|1777913098969|0
100||QQS501PF||WGM3SVC||M3_IDM_CSV||0||*NO|*YES|*NO||LETTER|20260504|164459|20260504|1|ERICP1|3|3||3|1777913099045|0
100||QQS903PF||WGM3SVC||M3_IDM_CSV||0||*NO|*YES|*NO||LETTER|20260504|164459|20260504|1|ERICP1|3|3||3|1777913099127|0
100||RGS224PF||WGM3SVC||M3_IDM_CSV||0||*NO|*YES|*NO||LETTER|20260504|164459|20260504|1|ERICP1|3|3||3|1777913099186|0
100||RGS655PF||WGM3SVC||M3_IDM_CSV||0||*NO|*YES|*NO||LETTER|20260504|164459|20260504|1|ERICP1|3|3||3|1777913099271|0
100||RMS402PF||WGM3SVC||M3_IDM_CSV||0||*NO|*YES|*NO||LETTER|20260504|164459|20260504|1|ERICP1|3|3||3|1777913099336|0
100||RMS501PF||WGM3SVC||M3_IDM_CSV||0||*NO|*YES|*NO||LETTER|20260504|164459|20260504|1|ERICP1|3|3||3|1777913099443|0
100||RMS531PF||WGM3SVC||M3_IDM_CSV||0||*NO|*YES|*NO||LETTER|20260504|164459|20260504|1|ERICP1|3|3||3|1777913099499|0
100||RMS536PF||WGM3SVC||M3_IDM_CSV||0||*NO|*YES|*NO||LETTER|20260504|164459|20260504|1|ERICP1|3|3||3|1777913099556|0
100||RMS563PF||WGM3SVC||M3_IDM_CSV||0||*NO|*YES|*NO||LETTER|20260504|164459|20260504|1|ERICP1|3|3||3|1777913099640|0
100||RMS567PF||WGM3SVC||M3_IDM_CSV||0||*NO|*YES|*NO||LETTER|20260504|164459|20260504|1|ERICP1|3|3||3|1777913099698|0
100||RPS601PF||WGM3SVC||M3_IDM_CSV||0||*NO|*YES|*NO||LETTER|20260504|164459|20260504|1|ERICP1|3|3||3|1777913099754|0
100||RPS606PF||WGM3SVC||M3_IDM_CSV||0||*NO|*YES|*NO||LETTER|20260504|164459|20260504|1|ERICP1|3|3||3|1777913099818|0
100||RPS621PF||WGM3SVC||M3_IDM_CSV||0||*NO|*YES|*NO||LETTER|20260504|164459|20260504|1|ERICP1|3|3||3|1777913099876|0
100||SES506PF||WGM3SVC||M3_IDM_CSV||0||*NO|*YES|*NO||LETTER|20260504|164459|20260504|1|ERICP1|3|3||3|1777913099927|0
100||SES512PF||WGM3SVC||M3_IDM_CSV||0||*NO|*YES|*NO||LETTER|20260504|164459|20260504|1|ERICP1|3|3||3|1777913099995|0
100||SES593PF||WGM3SVC||M3_IDM_CSV||0||*NO|*YES|*NO||LETTER|20260504|164500|20260504|1|ERICP1|3|3||3|1777913100080|0
100||STS093PF||WGM3SVC||M3_IDM_CSV||0||*NO|*YES|*NO||LETTER|20260504|164500|20260504|1|ERICP1|3|3||3|1777913100136|0
100||STS098PF||WGM3SVC||M3_IDM_CSV||0||*NO|*YES|*NO||LETTER|20260504|164500|20260504|1|ERICP1|3|3||3|1777913100192|0
100||STS326PF||WGM3SVC||M3_IDM_CSV||0||*NO|*YES|*NO||LETTER|20260504|164500|20260504|1|ERICP1|3|3||3|1777913100239|0
100||TAS527PF||WGM3SVC||M3_IDM_CSV||0||*NO|*YES|*NO||LETTER|20260504|164500|20260504|1|ERICP1|3|3||3|1777913100292|0
100||TXS103PF||WGM3SVC||M3_IDM_CSV||0||*NO|*YES|*NO||LETTER|20260504|164500|20260504|1|ERICP1|3|3||3|1777913100343|0
100||TXS107PF||WGM3SVC||M3_IDM_CSV||0||*NO|*YES|*NO||LETTER|20260504|164500|20260504|1|ERICP1|3|3||3|1777913100391|0
100||TXS110PF||WGM3SVC||M3_IDM_CSV||0||*NO|*YES|*NO||LETTER|20260504|164500|20260504|1|ERICP1|3|3||3|1777913100438|0
100||TXS117PF||WGM3SVC||M3_IDM_CSV||0||*NO|*YES|*NO||LETTER|20260504|164500|20260504|1|ERICP1|3|3||3|1777913100492|0
100||TXS133PF||WGM3SVC||M3_IDM_CSV||0||*NO|*YES|*NO||LETTER|20260504|164500|20260504|1|ERICP1|3|3||3|1777913100542|0
100||TXS501PF||WGM3SVC||M3_IDM_CSV||0||*NO|*YES|*NO||LETTER|20260504|164500|20260504|1|ERICP1|3|3||3|1777913100593|0
100||TXS502PF||WGM3SVC||M3_IDM_CSV||0||*NO|*YES|*NO||LETTER|20260504|164500|20260504|1|ERICP1|3|3||3|1777913100649|0
100||TXS503PF||WGM3SVC||M3_IDM_CSV||0||*NO|*YES|*NO||LETTER|20260504|164500|20260504|1|ERICP1|3|3||3|1777913100718|0
100||TXS504PF||WGM3SVC||M3_IDM_CSV||0||*NO|*YES|*NO||LETTER|20260504|164500|20260504|1|ERICP1|3|3||3|1777913100775|0
100||TXS505PF||WGM3SVC||M3_IDM_CSV||0||*NO|*YES|*NO||LETTER|20260504|164500|20260504|1|ERICP1|3|3||3|1777913100832|0
100||TXS506PF||WGM3SVC||M3_IDM_CSV||0||*NO|*YES|*NO||LETTER|20260504|164500|20260504|1|ERICP1|3|3||3|1777913100887|0
100||TXS507PF||WGM3SVC||M3_IDM_CSV||0||*NO|*YES|*NO||LETTER|20260504|164500|20260504|1|ERICP1|3|3||3|1777913100944|0
