mmcono|mmstat|mmitno|mmitds|mmfuds|mmdwno|mmresp|mmdccd|mmunms|mmitgr|mmitcl|mmbuar|mmevgr|mmitty|mmtpcd|mmmabu|mmchcd|mmstcd|mmbacd|mmvol3|mmnewe|mmgrwe|mmppun|mmbypr|mmwapc|mmqacd|mmepcd|mmpocy|mmacti|mmhie1|mmhie2|mmhie3|mmhie4|mmhie5|mmgrp1|mmgrp2|mmgrp3|mmgrp4|mmgrp5|mmcfi1|mmcfi2|mmcfi3|mmcfi4|mmcfi5|mmeccc|mmtxid|mmdtid|mmecve|mmecac|mmecma|mmecfl|mmwsca|mmprgp|mmetrf|mmacrf|mmindi|mmpuun|mmautc|mmaluc|mmpdcc|mmieaa|mmride|mmridc|mmgrti|mmgrts|mmexpd|mmitrf|mmprcm|mmgrmt|mmhazi|mmsale|mmfrag|mmtaxc|mmatmo|mmatmn|mmtpli|mmfcu1|mmsuno|mmpupr|mmpucd|mmcucd|mmppdt|mmsapr|mmstun|mmsacd|mmcucs|mmspdt|mmdigi|mmbgrp|mmprvg|mmfre3|mmfre4|mmotdi|mmbogr|mmprgr|mmlama|mmachk|mmbpey|mmspun|mmspuc|mmalun|mmunnn|mmunpa|mmhac1|mmhac2|mmhac3|mmdim1|mmdim2|mmdim3|mmspe1|mmspe2|mmspe3|mmspe4|mmspe5|mmcety|mmstcn|mmspac|mmtrpa|mmprod|mmsmfi|mmtank|mmarpa|mmarpr|mmampt|mmawdy|mmnpto|mmmes1|mmmes2|mmmes3|mmmes4|mmmva1|mmmva2|mmmva3|mmmva4|mmpeq1|mmpeq2|mmpeq3|mmpeq4|mmpet1|mmpet2|mmpet3|mmpet4|mmmpgm|mmorty|mmplcd|mmmapl|mmtohi|mmtore|mmfeba|mmmapn|mmdoid|mmsepr|mmstcs|mmnesa|mmnsuf|mmfccm|mmdpid|mmconc|mmplmz|mmcco1|mmcco2|mmcco3|mmwady|mmtbsr|mmmbsr|mmtbur|mmmbur|mmtbfr|mmmbfr|mmaesc|mmaes2|mmamor|mmfunc|mmstnc|mmdirr|mmmdir|mmscgr|mmarr1|mmaeqy|mmleai|mmwal1|mmwal2|mmwal3|mmwal4|mmiacp|mmhdpr|mmaad0|mmaad1|mmchcl|mmitrc|mmvtcp|mmvtcs|mmrgdt|mmrgtm|mmlmdt|mmchno|mmchid|mmlmts|mmatnr|mmnmit|mmtecr|mmexca|mmcawp|mmcwun|mmcpun|mmilen|mmiwid|mmihei|mmrnri|mmsafc|mmrmsg|mmmotp|mmacmc|mmaccg|mmcci1|mmcccm|mmcri1|mmitru|mmhvmt|mmitne|mmqmgp|mmspgv|mmruid|mmspih|mmqirq|mmpdln|mmcpgr|mmsume|mmsump|mmsrgr|mmtagr|mmowct|mmowfa
200|20|5-9166|NURSING PIN|CPQ TEST BADGE 3||WBOLIN01|0|EA|ZZZZZ|ZZZ|||J01|0|1|2|1|0|0|0|0|EA|0|0|0|0|0|0||||||||||||0|||||0|0|||0|0|||||0|EA|0|2|2|0||0|||0||||0|1|0|TAX|GE020|1|J70012468|0||0|0||0|0|EA|0||0||||||0|0|0|0|0|0|EA|1|EA|0||||||||||||||||||0|0|||0|0|0|||||0|0|0|0|0|0|0|0|0|0|0|0|||||0|0|0|0||0|0||||0|0|0|0|0|0|0|0||0||0||0|0|0|||0||0|0|0|0|0|0|0|0|0||0|0|0|0|0|0|20260420|164021|20260421|1|PREMS01|1776786741369|0|||0|0|EA|EA|0|0|0|0||0|||||||0|0|5-9166||0|JEWEL_PIN|0|0|||0||0||0|
200|20|5-9166001|NURSING PIN|Commission Amount 1 Commission Amount 2||WBOLIN01|0|EA|ZZZZZ|ZZZ|||J01|0|1|3|1|0|0|0|0|EA|0|0|0|0|0|0||||||||||||0|||||0|0|||0|0|||||0|EA|0|2|2|0||0|||0||||0|1|0|TAX|GE020|1|5-9166|0||0|0||0|0|EA|0||0||||||0|0|0|0|0|0|EA|1|EA|0||||||||||||||||||0|0|||0|0|0|||||0|0|0|0|0|0|0|0|0|0|0|0|||||0|0|0|0||0|0||||0|0|0|0|0|0|0|0||0||0||0|0|0|||0||0|0|0|0|0|0|0|0|0|5-9166|0|0|0|0|0|0|20260421|212154|20260421|1|PREMS01|1776806514442|0|||0|0|EA|EA|0|0|0|0||0|||||||0|0|5-9166001||0|JEWEL_PIN|0|0|||0||0||0|
200|20|5-9166002|NURSING PIN|Commission Amount 1 Commission Amount 2||WBOLIN01|0|EA|ZZZZZ|ZZZ|||J01|0|1|3|1|0|0|0|0|EA|0|0|0|0|0|0||||||||||||0|||||0|0|||0|0|||||0|EA|0|2|2|0||0|||0||||0|1|0|TAX|GE020|1|5-9166|0||0|0||0|0|EA|0||0||||||0|0|0|0|0|0|EA|1|EA|0||||||||||||||||||0|0|||0|0|0|||||0|0|0|0|0|0|0|0|0|0|0|0|||||0|0|0|0||0|0||||0|0|0|0|0|0|0|0||0||0||0|0|0|||0||0|0|0|0|0|0|0|0|0|5-9166|0|0|0|0|0|0|20260421|212639|20260421|1|PREMS01|1776806799265|0|||0|0|EA|EA|0|0|0|0||0|||||||0|0|5-9166002||0|JEWEL_PIN|0|0|||0||0||0|
200|20|5-9166003|NURSING PIN|Commission Amount 1 Commission Amount 2||WBOLIN01|0|EA|ZZZZZ|ZZZ|||J01|0|1|3|1|0|0|0|0|EA|0|0|0|0|0|0||||||||||||0|||||0|0|||0|0|||||0|EA|0|2|2|0||0|||0||||0|1|0|TAX|GE020|1|5-9166|0||0|0||0|0|EA|0||0||||||0|0|0|0|0|0|EA|1|EA|0||||||||||||||||||0|0|||0|0|0|||||0|0|0|0|0|0|0|0|0|0|0|0|||||0|0|0|0||0|0||||0|0|0|0|0|0|0|0||0||0||0|0|0|||0||0|0|0|0|0|0|0|0|0|5-9166|0|0|0|0|0|0|20260421|212920|20260421|1|PREMS01|1776806960933|0|||0|0|EA|EA|0|0|0|0||0|||||||0|0|5-9166003||0|JEWEL_PIN|0|0|||0||0||0|
200|20|5-9166004|NURSING PIN|Commission Amount 1 Commission Amount 2||WBOLIN01|0|EA|ZZZZZ|ZZZ|||J01|0|1|3|1|0|0|0|0|EA|0|0|0|0|0|0||||||||||||0|||||0|0|||0|0|||||0|EA|0|2|2|0||0|||0||||0|1|0|TAX|GE020|1|5-9166|0||0|0||0|0|EA|0||0||||||0|0|0|0|0|0|EA|1|EA|0||||||||||||||||||0|0|||0|0|0|||||0|0|0|0|0|0|0|0|0|0|0|0|||||0|0|0|0||0|0||||0|0|0|0|0|0|0|0||0||0||0|0|0|||0||0|0|0|0|0|0|0|0|0|5-9166|0|0|0|0|0|0|20260421|213658|20260421|1|PREMS01|1776807419030|0|||0|0|EA|EA|0|0|0|0||0|||||||0|0|5-9166004||0|JEWEL_PIN|0|0|||0||0||0|
200|20|5-9166005|NURSING PIN|Commission Amount 1 Commission Amount 2||WBOLIN01|0|EA|ZZZZZ|ZZZ|||J01|0|1|3|1|0|0|0|0|EA|0|0|0|0|0|0||||||||||||0|||||0|0|||0|0|||||0|EA|0|2|2|0||0|||0||||0|1|0|TAX|GE020|1|5-9166|0||0|0||0|0|EA|0||0||||||0|0|0|0|0|0|EA|1|EA|0||||||||||||||||||0|0|||0|0|0|||||0|0|0|0|0|0|0|0|0|0|0|0|||||0|0|0|0||0|0||||0|0|0|0|0|0|0|0||0||0||0|0|0|||0||0|0|0|0|0|0|0|0|0|5-9166|0|0|0|0|0|0|20260422|140011|20260422|1|PREMS01|1776866411411|0|||0|0|EA|EA|0|0|0|0||0|||||||0|0|5-9166005||0|JEWEL_PIN|0|0|||0||0||0|
200|20|5-9166006|NURSING PIN|Commission Amount 1 Commission Amount 2||WBOLIN01|0|EA|ZZZZZ|ZZZ|||J01|0|1|3|1|0|0|0|0|EA|0|0|0|0|0|0||||||||||||0|||||0|0|||0|0|||||0|EA|0|2|2|0||0|||0||||0|1|0|TAX|GE020|1|5-9166|0||0|0||0|0|EA|0||0||||||0|0|0|0|0|0|EA|1|EA|0||||||||||||||||||0|0|||0|0|0|||||0|0|0|0|0|0|0|0|0|0|0|0|||||0|0|0|0||0|0||||0|0|0|0|0|0|0|0||0||0||0|0|0|||0||0|0|0|0|0|0|0|0|0|5-9166|0|0|0|0|0|0|20260422|143858|20260422|1|WBOLIN01|1776868738865|0|||0|0|EA|EA|0|0|0|0||0|||||||0|0|5-9166006||0|JEWEL_PIN|0|0|||0||0||0|
200|20|5-9166007|NURSING PIN|Commission Amount 1 Commission Amount 2||WBOLIN01|0|EA|ZZZZZ|ZZZ|||J01|0|1|3|1|0|0|0|0|EA|0|0|0|0|0|0||||||||||||0|||||0|0|||0|0|||||0|EA|0|2|2|0||0|||0||||0|1|0|TAX|GE020|1|5-9166|0||0|0||0|0|EA|0||0||||||0|0|0|0|0|0|EA|1|EA|0||||||||||||||||||0|0|||0|0|0|||||0|0|0|0|0|0|0|0|0|0|0|0|||||0|0|0|0||0|0||||0|0|0|0|0|0|0|0||0||0||0|0|0|||0||0|0|0|0|0|0|0|0|0|5-9166|0|0|0|0|0|0|20260422|151620|20260422|1|PREMS01|1776870981024|0|||0|0|EA|EA|0|0|0|0||0|||||||0|0|5-9166007||0|JEWEL_PIN|0|0|||0||0||0|
200|20|5-9504|NURSING PIN|NURSING PIN||WBOLIN01|0|EA|GE020|GE021|||J01|0|1|2|1|0|0|0|0|EA|0|0|0|0|0|0||||||||||||0|||||0|0|||0|0|||||0|EA|0|2|2|0||0|||0||||0|1|0|TAX|GE020|1|GREEKPIN|0||0|0|USD|0|0|EA|0|USD|0||||||0|2|2|0|0|0|EA|2|EA|0||||||||||||||||||0|0|||0|0|0|||||0|0|0|0|0|0|0|0|0|0|0|0|||||0|0|0|0||0|0||||0|0|0|0|0|0|0|0||0||0||0|0|0|||0||0|0|0|0|0|0|0|0|0|5-9166|0|0|0|0|0|0|20260427|190428|20260427|3|WBOLIN01|1777319657161|0|||0|0|EA|EA|0|0|0|0||0|||||||0|0|5-9504||0|JEWEL_BADGE|0|0|||0||0||0|
200|20|5-9504001|NURSING PIN|CONSTRUCTION METHOD GE-C-STAMP J00000002||WBOLIN01|0|EA|GE020|GE021|||J01|0|1|3|1|0|0|0|0|EA|0|0|0|0|0|0||||||||||||0|||||0|0|||0|0|||||0|EA|0|2|2|0||0|||0||||0|1|0|TAX|GE020|1|5-9504|0||0|0|USD|0|0|EA|0|USD|0||||||0|2|2|0|0|0|EA|2|EA|0||||||||||||||||||0|0|||0|0|0|||||0|0|0|0|0|0|0|0|0|0|0|0|||||0|0|0|0||0|0||||0|0|0|0|0|0|0|0||0||0||0|0|0|||0||0|0|0|0|0|0|0|0|0|5-9504|0|0|0|0|0|0|20260427|191459|20260427|1|WBOLIN01|1777317299743|0|||0|0|EA|EA|0|0|0|0||0|||||||0|0|5-9504001||0|JEWEL_BADGE|0|0|||0||0||0|
200|20|BJOINT0EP704098|BALL JOINT BRASS 0EP|BALL JOINT BRASS 0EP||DISADMIN|0|EA|ZZZZZ|ZZZ|||C01|0|2|3|1|0|0|0|0|EA|0|0|0|0|0|0||||||||||||0|||||0|0|||0|0|||||0|EA|0|2|2|0||0|||0|||D1P|0|1|0|TAX|GE020|1|BJOINTBR0704040|0||0|0|USD|0|0|EA|0|USD|0||||||0|2|2|0|0|0|EA|1|EA|0||||||||||||||||||0|0|||0|0|0|||||0|0|0|0|0|0|0|0|0|0|0|0|||||0|0|0|0||0|0||||0|0|0|0|0|0|0|0||0||0||0|0|0|||0||0|0|0|0|0|0|0|0|0|5-9504|0|0|0|0|0|0|20260420|164021|20260420|1|ERICP01|1776703221926|0|||0|0|EA|EA|0|0|0|0||0|||||||0|0|BJOINT0EP704098||0|JEWEL_BADGE|0|0|||0||0||0|
200|20|BJOINTBR0704040|BJOINTBR0704040|BJOINTBR0704040||DISADMIN|0|EA|C1020|ZZZ|||C01|0|2|3|1|0|0|0|0|EA|0|0|0|0|0|0||||||||||||0|||||0|0|||0|0|||||0|EA|0|2|2|0||0|||0|||D1P|0|1|0|TAX|GE020|1|CATCHNS0045014|0||0.75|1|USD|20260420|0|EA|0|USD|0|||Y1|||0|2|2|0|0|0|EA|2|EA|0||||||||||||||||||0|0|||0|0|0|||||0|0|0|0|0|0|0|0|0|0|0|0|||||0|0|0|0||0|0||||0|0|0|0|0|0|0|0||0||0||0|0|0|||0||0|0|0|0|0|0|0|0|0|5-9504|0|0|0|0|0|0|20260420|164436|20260420|2|ATHARH01|1776718061442|0|||0|0|EA|EA|0|0|0|0||0|||||||0|0|BJOINTBR0704040||0|JEWEL_BADGE|0|0|||0||0||0|
200|20|BJOINTNS0064309|BALL JOINTS 43 60-40-43 F06430|BALL JOINTS 43 60-40-43 F064309||DISADMIN|0|EA|ZZZZZ|ZZZ|||C01|0|2|3|1|0|0|0|0|EA|0|0|0|0|0|0||||||||||||0|||||0|0|||0|0|||||0|EA|0|2|2|0||0|||0|||D1P|0|1|0|TAX|GE020|1|BJOINTBR0704040|0||0.75|1|USD|20260420|0|EA|0|USD|0|||Y1|||0|2|2|0|0|0|EA|2|EA|0||||||||||||||||||0|0|||0|0|0|||||0|0|0|0|0|0|0|0|0|0|0|0|||||0|0|0|0||0|0||||0|0|0|0|0|0|0|0||0||0||0|0|0|||0||0|0|0|0|0|0|0|0|0|5-9504|0|0|0|0|0|0|20260420|164436|20260420|2|ERICP01|1776703476858|0|||0|0|EA|EA|0|0|0|0||0|||||||0|0|BJOINTNS0064309||0|JEWEL_BADGE|0|0|||0||0||0|
200|20|BOX-CB-25X2-HJ|BOX-CB-2.5X2-HJ0|BOX-CB-2.5X2-HJ0||WBOLIN01|0|EA|ZZZZZ|ZZZ|||C01|0|2|3|1|0|1|1|1|EA|0|0|0|0|0|0|Y2|Y2Y20|Y2Y20Y30|Y2Y20Y30Y40|Y2Y20Y30Y40Y500|Y2|Y20|Y30|Y40|Y500||0|||||0|0|||0|0|||||0|EA|0|2|2|0||0|||0|||DI1|0|1|0|TAX|GE020|1|BOX504|1|Y60001|80|1|USD|20230720|100|EA|0|USD|20230720|||Y1|||0|2|2|0|0|0|EA|2|EA|0||||||||||||||||||0|0|||0|0|0|||||0|0|0|0|0|0|0|0|0|0|0|0|||||0|0|0|0||0|0||||0|0|0|0|0|0|0|0||0||0||0|0|0|||0||0|0|0|0|0|0|0|0|0|5-9504|0|0|0|0|0|0|20260325|195540|20260325|2|WBOLIN01|1776702723662|0|||0|0|EA|EA|1|1|1|0||0|||||||0|0|BOX-CB-25X2-HJ||0|JEWEL_BADGE|0|0|||0||0||0|
200|20|BOX504|BOX 504 (BLACK TT) BLACK TIE-T|BOX 504 (BLACK TT) BLACK TIE-TACM24||DISADMIN|0|EA|ZZZZZ|ZZZ|||C01|0|2|3|1|0|1|1|1|EA|0|0|0|0|0|0|Y2|Y2Y20|Y2Y20Y30|Y2Y20Y30Y40|Y2Y20Y30Y40Y500|Y2|Y20|Y30|Y40|Y500||0|||||0|0|||0|0|||||0|EA|0|2|2|0||0|||0|||DI1|0|1|0|TAX|GE020|1|BOX509|1|Y60001|80|1|USD|20230720|100|EA|0|USD|20230720|||Y1|||0|2|2|0|0|0|EA|2|EA|0||||||||||||||||||0|0|||0|0|0|||||0|0|0|0|0|0|0|0|0|0|0|0|||||0|0|0|0||0|0||||0|0|0|0|0|0|0|0||0||0||0|0|0|||0||0|0|0|0|0|0|0|0|0|5-9504|0|0|0|0|0|0|20260420|164436|20260420|2|ERICP01|1776703476887|0|||0|0|EA|EA|1|1|1|0||0|||||||0|0|BOX504||0|JEWEL_BADGE|0|0|||0||0||0|
200|20|BOX509|BOX 509 (BLACK TT) BLACK TIE-T|BOX 509 (BLACK TT) BLACK TIE-TACM24||DISADMIN|0|EA|ZZZZZ|ZZZ|||C01|0|2|3|1|0|1|1|1|EA|0|0|0|0|0|0|Y2|Y2Y20|Y2Y20Y30|Y2Y20Y30Y40|Y2Y20Y30Y40Y500|Y2|Y20|Y30|Y40|Y500||0|||||0|0|||0|0|||||0|EA|0|2|2|0||0|||0|||DI1|0|1|0|TAX|GE020|1|BOXP110|1|Y60001|80|1|USD|20230720|100|EA|0|USD|20230720|||Y1|||0|2|2|0|0|0|EA|1|EA|0||||||||||||||||||0|0|||0|0|0|||||0|0|0|0|0|0|0|0|0|0|0|0|||||0|0|0|0||0|0||||0|0|0|0|0|0|0|0||0||0||0|0|0|||0||0|0|0|0|0|0|0|0|0|5-9504|0|0|0|0|0|0|20260420|164021|20260420|2|ERICP01|1776703221987|0|||0|0|EA|EA|1|1|1|0||0|||||||0|0|BOX509||0|JEWEL_BADGE|0|0|||0||0||0|
200|20|BOXP110|BOX PLASTIC110 1X1X1/2|BOXP110||DISADMIN|0|EA|C3010|ZZZ|||C01|0|2|3|1|0|1|1|1|EA|0|0|0|0|0|0|Y2|Y2Y20|Y2Y20Y30|Y2Y20Y30Y40|Y2Y20Y30Y40Y500|Y2|Y20|Y30|Y40|Y500||0|||||0|0|||0|0|||||0|EA|0|2|2|0||0|||0|||DI1|0|1|0|TAX|GE020|1|PK001|1|Y60001|0.11|1|USD|20260420|100|EA|0|USD|20230720|||Y1|||0|2|2|0|0|0|EA|1|EA|0||||||||||||||||||0|0|||0|0|0|||||0|0|0|0|0|0|0|0|0|0|0|0|||||0|0|0|0||0|0||||0|0|0|0|0|0|0|0||0||0||0|0|0|||0||0|0|0|0|0|0|0|0|0|5-9504|0|0|0|0|0|0|20260420|164022|20260420|2|ATHARH01|1776718793206|0|||0|0|EA|EA|1|1|1|0||0|||||||0|0|BOXP110||0|JEWEL_BADGE|0|0|||0||0||0|
200|20|CATCHNS0045014|CATCHNS0045014|CATCHNS0045014||DISADMIN|0|EA|C1010|ZZZ|||C01|0|2|3|1|0|1|1|1|EA|0|0|0|0|0|0|Y2|Y2Y20|Y2Y20Y30|Y2Y20Y30Y40|Y2Y20Y30Y40Y500|Y2|Y20|Y30|Y40|Y500||0|||||0|0|||0|0|||||0|EA|0|2|2|0||0|||0|||D1P|0|1|0|TAX|GE020|1|CRF00000|1|Y60001|2.75|1|USD|20260420|100|EA|0|USD|20230720|||Y1|||0|2|2|0|0|0|EA|1|EA|0||||||||||||||||||0|0|||0|0|0|||||0|0|0|0|0|0|0|0|0|0|0|0|||||0|0|0|0||0|0||||0|0|0|0|0|0|0|0||0||0||0|0|0|||0||0|0|0|0|0|0|0|0|0|5-9504|0|0|0|0|0|0|20260420|164022|20260420|4|ATHARH01|1776719692064|0|||0|0|EA|EA|1|1|1|0||0|||||||0|0|CATCHNS0045014||0|JEWEL_BADGE|0|0|||0||0||0|
200|20|CLTCHGE0012004|CLTCHGE0012004|CLTCHGE0012004||WBOLIN01|0|EA|ZZZZZ|ZZZ|||C01|0|2|3|1|0|1|1|1|EA|0|0|0|0|0|0|Y2|Y2Y20|Y2Y20Y30|Y2Y20Y30Y40|Y2Y20Y30Y40Y500|Y2|Y20|Y30|Y40|Y500||0|||||0|0|||0|0|||||0|EA|0|2|2|0||0|||0|||D1P|0|1|0|TAX|GE020|1|WIRERIVNS016040|1|Y60001|20|1|USD|20251121|100|EA|0|USD|20230720|||Y1|||0|2|2|0|0|0|EA|1|EA|0||||||||||||||||||0|0|||0|0|0|||||0|0|0|0|0|0|0|0|0|0|0|0|||||0|0|0|0||0|0||||0|0|0|0|0|0|0|0||0||0||0|0|0|||0||0|0|0|0|0|0|0|0|0|5-9504|0|0|0|0|0|0|20260325|195650|20260325|2|WBOLIN01|1776702151960|0|00||0|0|EA|EA|1|1|1|0||0|||||||0|0|CLTCHGE0012004||0|JEWEL_BADGE|0|0|||0||0||0|
200|20|CRD00001|CRD - JEWELRY DIE #1|CRD - JEWELRY DIE #1||DISADMIN|0|EA|C4010|C4011|||C01|0|2|3|1|0|1|1|1|EA|0|0|0|0|0|0|Y2|Y2Y20|Y2Y20Y30|Y2Y20Y30Y40|Y2Y20Y30Y40Y500|Y2|Y20|Y30|Y40|Y500||0|||||0|0|||0|0|||||2|EA|0|2|2|0||0|||0|||D1P|0|1|0|TAX|GE020|1|CRM00001|1|Y60001|20|1|USD|20251121|100|EA|0|USD|20230720|||Y1|||0|2|2|0|0|0|EA|1|EA|0||||||||||||||||||0|0|||0|0|0|||||0|0|0|0|0|0|0|0|0|0|0|0|||||0|0|0|0||0|0||||0|0|0|0|0|0|0|0||0||0||0|0|0|||0||0|0|0|0|0|0|0|0|0|5-9504|0|0|0|0|0|0|20260420|164436|20260424|2|ATHARH01|1777001520826|0|00||0|0|EA|EA|1|1|1|0||0|||||||0|0|CRD00001||0|JEWEL_BADGE|0|0|||0||0||0|
200|20|CRD00002|CRD - JEWELRY DIE #2|CRD - JEWELRY DIE #2||DISADMIN|0|EA|ZZZZZ|ZZZ|||C01|0|2|3|1|0|1|1|1|EA|0|0|0|0|0|0|Y2|Y2Y20|Y2Y20Y30|Y2Y20Y30Y40|Y2Y20Y30Y40Y500|Y2|Y20|Y30|Y40|Y500||0|||||0|0|||0|0|||||2|EA|0|2|2|0||0|||0|||D1P|0|1|0|TAX|GE020|1|CRD00001|1|Y60001|20|1|USD|20251121|100|EA|0|USD|20230720|||Y1|||0|2|2|0|0|0|EA|1|EA|0||||||||||||||||||0|0|||0|0|0|||||0|0|0|0|0|0|0|0|0|0|0|0|||||0|0|0|0||0|0||||0|0|0|0|0|0|0|0||0||0||0|0|0|||0||0|0|0|0|0|0|0|0|0|5-9504|0|0|0|0|0|0|20260420|164436|20260420|2|ERICP01|1776703476798|0|00||0|0|EA|EA|1|1|1|0||0|||||||0|0|CRD00002||0|JEWEL_BADGE|0|0|||0||0||0|
200|20|CRS00000|CRS - BLUE SAPHIRE|RING STONE - BLUE SPAHIRE||DISADMIN|0|EA|ZZZZZ|ZZZ|||C01|0|2|3|1|0|1|1|1|EA|0|0|0|0|0|0|Y2|Y2Y20|Y2Y20Y30|Y2Y20Y30Y40|Y2Y20Y30Y40Y500|Y2|Y20|Y30|Y40|Y500||0|||||0|0|||0|0|||||2|EA|0|2|2|0||0|||0|||D1P|0|1|0|TAX|GE020|1|Y90095|1|Y60001|20|1|USD|20251121|100|EA|0|USD|20230720|||Y1|||0|2|2|0|0|0|EA|2|EA|0||||||||||||||||||0|0|||0|0|0|||||0|0|0|0|0|0|0|0|0|0|0|0|||||0|0|0|0||0|0||||0|0|0|0|0|0|0|0||0||0||0|0|0|||0||0|0|0|0|0|0|0|0|0|5-9504|0|0|0|0|0|0|20260420|164022|20260420|2|ERICP01|1776703222083|0|00||0|0|EA|EA|1|1|1|0||0|||||||0|0|CRS00000||0|JEWEL_BADGE|0|0|||0||0||0|
200|20|CRS00001|CRS - GARNET|CRS - GARNET||DISADMIN|0|EA|ZZZZZ|ZZZ|||C01|0|2|3|1|0|1|1|1|EA|0|0|0|0|0|0|Y2|Y2Y20|Y2Y20Y30|Y2Y20Y30Y40|Y2Y20Y30Y40Y500|Y2|Y20|Y30|Y40|Y500||0|||||0|0|||0|0|||||2|EA|0|2|2|0||0|||0|||D1P|0|1|0|TAX|GE020|1|CRS00000|1|Y60001|20|1|USD|20251121|100|EA|0|USD|20230720|||Y1|||0|2|2|0|0|0|EA|2|EA|0||||||||||||||||||0|0|||0|0|0|||||0|0|0|0|0|0|0|0|0|0|0|0|||||0|0|0|0||0|0||||0|0|0|0|0|0|0|0||0||0||0|0|0|||0||0|0|0|0|0|0|0|0|0|5-9504|0|0|0|0|0|0|20260420|164022|20260420|2|ERICP01|1776703222120|0|00||0|0|EA|EA|1|1|1|0||0|||||||0|0|CRS00001||0|JEWEL_BADGE|0|0|||0||0||0|
200|20|F144|J05830100 SUBASSEMBLY|J05830100 SUBASSEMBLY||WBOLIN01|0|EA|GE020|GE024|||J01|0|1|2|1|0|1|1|1|EA|0|0|0|0|0|0|Y2|Y2Y20|Y2Y20Y30|Y2Y20Y30Y40|Y2Y20Y30Y40Y500|Y2|Y20|Y30|Y40|Y500||0|||||0|0|||0|0|||||2|EA|0|2|2|0||0|||0|||D1P|0|1|0|TAX|GE020|1|GREEKSUB|1|Y60001|20|1|USD|20251121|100|EA|0|USD|20230720|||Y1|||0|2|2|0|0|0|EA|2|EA|0||||||||||||||||||0|0|||0|0|0|||||0|0|0|0|0|0|0|0|0|0|0|0|||||0|0|0|0||0|0||||0|0|0|0|0|0|0|0||0||0||0|0|0|||0||0|0|0|0|0|0|0|0|0|5-9504|0|0|0|0|0|0|20260427|180311|20260427|2|WBOLIN01|1777313014747|0|00||0|0|EA|EA|1|1|1|0||0|||||||0|0|F144||0|JEWEL_BADGE|0|0|||0||0||0|
200|20|F144D|CRD - JEWELRY DIE #1|CRD - JEWELRY DIE #1||DISADMIN|0|EA|C4010|C4011|||C01|0|2|2|1|0|1|1|1|EA|0|0|0|0|0|0|Y2|Y2Y20|Y2Y20Y30|Y2Y20Y30Y40|Y2Y20Y30Y40Y500|Y2|Y20|Y30|Y40|Y500||0|||||0|0|||0|0|||||2|EA|0|2|2|0||0|||0|||D1P|0|1|0|TAX|GE020|1|CRD00001|1|Y60001|20|1|USD|20251121|100|EA|0|USD|20230720|||Y1|||0|2|2|0|0|0|EA|1|EA|0||||||||||||||||||0|0|||0|0|0|||||0|0|0|0|0|0|0|0|0|0|0|0|||||0|0|0|0||0|0||||0|0|0|0|0|0|0|0||0||0||0|0|0|||0||0|0|0|0|0|0|0|0|0|5-9504|0|0|0|0|0|0|20260427|181635|20260427|1|WBOLIN01|1777313795541|0|00||0|0|EA|EA|1|1|1|0||0|||||||0|0|F144D||0|JEWEL_BADGE|0|0|||0||0||0|
200|20|F1947AM|GREEK PIN SUBASSEMBLY|GREEK PIN SUBASSEMBLY J00670100 A||WBOLIN01|0|EA|GE040|ZZZ|||J01|0|1|1|1|1|1|1|1|EA|0|0|0|0|0|0|Y2|Y2Y20|Y2Y20Y30|Y2Y20Y30Y40|Y2Y20Y30Y40Y500|Y2|Y20|Y30|Y40|Y500||0|||||0|0|||0|0|||||3|EA|0|2|2|0||0|||0|||D1P|0|1|0|TAX|GE020|1|GREEKSUB|1|Y60001|20|1|USD|20251121|100|EA|0|USD|20230720|||Y1|||0|2|2|0|0|0|EA|1|EA|0||||||||||||||||||0|0|||0|0|0|||||0|0|0|0|0|0|0|0|0|0|0|0|||||0|0|0|0||0|0||||0|0|0|0|0|0|0|0||0||0||0|0|0|||0||0|0|0|0|0|0|0|0|0|5-9504|0|0|0|0|0|0|20260420|164022|20260422|3|WBOLIN01|1776895671068|0|00||0|0|EA|EA|1|1|1|0||0|||||||0|0|F1947AM||0|JEWEL_BADGE|0|0|||0||0||0|
200|20|F1947B|GREEK PIN SUBASSEMBLY|GREEK PIN SUBASSEMBLY J00670100 B||WBOLIN01|0|EA|ZZZZZ|ZZZ|||J01|0|1|1|1|1|1|1|1|EA|0|0|0|0|0|0|Y2|Y2Y20|Y2Y20Y30|Y2Y20Y30Y40|Y2Y20Y30Y40Y500|Y2|Y20|Y30|Y40|Y500||0|||||0|0|||0|0|||||3|EA|0|2|2|0||0|||0|||D1P|0|1|0|TAX|GE020|1|GREEKSUB|1|Y60001|20|1|USD|20251121|100|EA|0|USD|20230720|||Y1|||0|2|2|0|0|0|EA|1|EA|0||||||||||||||||||0|0|||0|0|0|||||0|0|0|0|0|0|0|0|0|0|0|0|||||0|0|0|0||0|0||||0|0|0|0|0|0|0|0||0||0||0|0|0|||0||0|0|0|0|0|0|0|0|0|5-9504|0|0|0|0|0|0|20260420|164022|20260423|1|WBOLIN01|1776978698618|0|00||0|0|EA|EA|1|1|1|0||0|||||||0|0|F1947B||0|JEWEL_BADGE|0|0|||0||0||0|
200|20|FL010064X300|FLATSTOCK 10K YELLOW 064X3X36|FLATSTOCK 10K YELLOW 064X3X36||WBOLIN01|4|DWT|C2020|C2022|||C02|0|2|1|1|1|1|1|1|DWT|0|0|0|0|0|0|Y2|Y2Y20|Y2Y20Y30|Y2Y20Y30Y40|Y2Y20Y30Y40Y500|Y2|Y20|Y30|Y40|Y500||0|||||0|0|||0|0|||||3|DWT|0|2|2|0||0|||0|||D1P|0|1|0|TAX|GE020|1|FL010080X300|1|Y60001|1|1|USD|20251121|100|OZ|0|USD|20230720|||Y1|||0|2|2|0|0|0|OZ|1|OZ|0||||||||||||||||||0|0|||0|0|0|||||0|0|0|0|0|0|0|0|0|0|0|0|||||0|0|0|0||0|0||||0|0|0|0|0|0|0|0||0||0||0|0|0|||0||0|0|0|0|0|0|0|0|0|5-9504|0|0|0|0|0|0|20260427|182342|20260427|2|WBOLIN01|1777314236934|0|00||0|0|DWT|OZ|1|1|1|0||0|||||||0|0|FL010064X300||0|JEWEL_BADGE|0|0|||0||0||0|
200|20|FL010080X300|FLATSTOCK 10K YELLOW 080X3X36|FLATSTOCK 10K YELLOW 080X3X36||WBOLIN01|4|DWT|C2020|C2022|||C02|0|2|1|1|1|1|1|1|DWT|0|0|0|0|0|0|Y2|Y2Y20|Y2Y20Y30|Y2Y20Y30Y40|Y2Y20Y30Y40Y500|Y2|Y20|Y30|Y40|Y500||0|||||0|0|||0|0|||||3|DWT|0|2|2|0||0|||0|||D1P|0|1|0|TAX|GE020|1|FL0GF080X300|1|Y60001|1|1|USD|20251121|100|OZ|0|USD|20230720|||Y1|||0|2|2|0|0|0|OZ|1|OZ|0||||||||||||||||||0|0|||0|0|0|||||0|0|0|0|0|0|0|0|0|0|0|0|||||0|0|0|0||0|0||||0|0|0|0|0|0|0|0||0||0||0|0|0|||0||0|0|0|0|0|0|0|0|0|5-9504|0|0|0|0|0|0|20260319|2044|20260420|3|WBOLIN01|1776701138934|0|00||0|0|DWT|OZ|1|1|1|0||0|||||||0|0|FL010080X300||0|JEWEL_BADGE|0|0|||0||0||0|
200|20|FL010100X300|FL 10K YELLOW 100X3X36|FL 10K YELLOW 100X3X36||DISADMIN|4|DWT|ZZZZZ|ZZZ|||C01|0|2|1|1|1|1|1|1|DWT|0|0|0|0|0|0|Y2|Y2Y20|Y2Y20Y30|Y2Y20Y30Y40|Y2Y20Y30Y40Y500|Y2|Y20|Y30|Y40|Y500||0|||||0|0|||0|0|||||3|DWT|0|2|2|0||0|||0|||D1P|0|1|0|TAX|GE020|1|FL01W080X300|1|Y60001|1|1|USD|20251121|100|DWT|0|USD|20230720|||Y1|||0|2|2|0|0|0|DWT|1|DWT|0||||||||||||||||||0|0|||0|0|0|||||0|0|0|0|0|0|0|0|0|0|0|0|||||0|0|0|0||0|0||||0|0|0|0|0|0|0|0||0||0||0|0|0|||0||0|0|0|0|0|0|0|0|0|5-9504|0|0|0|0|0|0|20260420|164022|20260420|1|WBOLIN01|1776714444266|0|00||0|0|DWT|DWT|1|1|1|0||0|||||||0|0|FL010100X300||0|JEWEL_BADGE|0|0|||0||0||0|
200|20|FL01W080X300|FLATSTOCK 10K WHITE 080X3X36|FLATSTOCK 10K WHITE 080X3X36||DISADMIN|4|DWT|ZZZZZ|ZZZ|||C01|0|2|1|1|1|1|1|1|DWT|0|0|0|0|0|0|Y2|Y2Y20|Y2Y20Y30|Y2Y20Y30Y40|Y2Y20Y30Y40Y500|Y2|Y20|Y30|Y40|Y500||0|||||0|0|||0|0|||||3|DWT|0|2|2|0||0|||0|||D1P|0|1|0|TAX|GE020|1|FL010080X300|1|Y60001|1|1|USD|20251121|100|DWT|0|USD|20230720|||Y1|||0|2|2|0|0|0|DWT|1|DWT|0||||||||||||||||||0|0|||0|0|0|||||0|0|0|0|0|0|0|0|0|0|0|0|||||0|0|0|0||0|0||||0|0|0|0|0|0|0|0||0||0||0|0|0|||0||0|0|0|0|0|0|0|0|0|5-9504|0|0|0|0|0|0|20260420|164022|20260420|1|WBOLIN01|1776714451805|0|00||0|0|DWT|DWT|1|1|1|0||0|||||||0|0|FL01W080X300||0|JEWEL_BADGE|0|0|||0||0||0|
200|20|FL01W100X300|FL 10K WHITE 100X3X36|FL 10K WHITE 100X3X36||DISADMIN|4|DWT|ZZZZZ|ZZZ|||C01|0|2|1|1|1|1|1|1|DWT|0|0|0|0|0|0|Y2|Y2Y20|Y2Y20Y30|Y2Y20Y30Y40|Y2Y20Y30Y40Y500|Y2|Y20|Y30|Y40|Y500||0|||||0|0|||0|0|||||3|DWT|0|2|2|0||0|||0|||D1P|0|1|0|TAX|GE020|1|FL010100X300|1|Y60001|1|1|USD|20251121|100|DWT|0|USD|20230720|||Y1|||0|2|2|0|0|0|DWT|1|DWT|0||||||||||||||||||0|0|||0|0|0|||||0|0|0|0|0|0|0|0|0|0|0|0|||||0|0|0|0||0|0||||0|0|0|0|0|0|0|0||0||0||0|0|0|||0||0|0|0|0|0|0|0|0|0|5-9504|0|0|0|0|0|0|20260420|164022|20260420|1|WBOLIN01|1776714458681|0|00||0|0|DWT|DWT|1|1|1|0||0|||||||0|0|FL01W100X300||0|JEWEL_BADGE|0|0|||0||0||0|
200|20|FL0GF080X300|FLAT STOCK GF 080X3X36|FLAT STOCK GF 080X3X36||DISADMIN|4|DWT|C2020|C2022|||C01|0|2|1|1|1|1|1|1|DWT|0|0|0|0|0|0|Y2|Y2Y20|Y2Y20Y30|Y2Y20Y30Y40|Y2Y20Y30Y40Y500|Y2|Y20|Y30|Y40|Y500||0|||||0|0|||0|0|||||3|DWT|0|2|2|0||0|||0|||D1P|0|1|0|TAX|GE020|1|GRSSWR|1|Y60001|32.15|1|USD|20260420|100|DWT|0|USD|20230720|||Y1|||0|2|2|0|0|0|DWT|2|DWT|0||||||||||||||||||0|0|||0|0|0|||||0|0|0|0|0|0|0|0|0|0|0|0|||||0|0|0|0||0|0||||0|0|0|0|0|0|0|0||0||0||0|0|0|||0||0|0|0|0|0|0|0|0|0|5-9504|0|0|0|0|0|0|20260420|164436|20260420|3|ATHARH01|1776716207302|0|00||0|0|DWT|DWT|1|1|1|0||0|||||||0|0|FL0GF080X300||0|JEWEL_BADGE|0|0|||0||0||0|
200|20|FL0GF100X300|FLAT STOCK GF 100X3X36|FLAT STOCK GF 100X3X36||DISADMIN|4|DWT|ZZZZZ|ZZZ|||C01|0|2|1|1|1|1|1|1|DWT|0|0|0|0|0|0|Y2|Y2Y20|Y2Y20Y30|Y2Y20Y30Y40|Y2Y20Y30Y40Y500|Y2|Y20|Y30|Y40|Y500||0|||||0|0|||0|0|||||3|DWT|0|2|2|0||0|||0|||D1P|0|1|0|TAX|GE020|1|FL0GF080X300|1|Y60001|32.15|1|USD|20260420|100|DWT|0|USD|20230720|||Y1|||0|2|2|0|0|0|DWT|2|DWT|0||||||||||||||||||0|0|||0|0|0|||||0|0|0|0|0|0|0|0|0|0|0|0|||||0|0|0|0||0|0||||0|0|0|0|0|0|0|0||0||0||0|0|0|||0||0|0|0|0|0|0|0|0|0|5-9504|0|0|0|0|0|0|20260420|164022|20260420|1|WBOLIN01|1776714420072|0|00||0|0|DWT|DWT|1|1|1|0||0|||||||0|0|FL0GF100X300||0|JEWEL_BADGE|0|0|||0||0||0|
200|20|FOAM110|FOAM INSERT FOR BOXP110|FOAM110||DISADMIN|4|EA|C3010|ZZZ|||C01|0|2|1|1|1|1|1|1|EA|0|0|0|0|0|0|Y2|Y2Y20|Y2Y20Y30|Y2Y20Y30Y40|Y2Y20Y30Y40Y500|Y2|Y20|Y30|Y40|Y500||0|||||0|0|||0|0|||||3|EA|0|2|2|0||0|||0|||DI1|0|1|0|TAX|GE020|1|BOXP110|1|Y60001|0.17|1|USD|20260420|100|EA|0|USD|20230720|||Y1|||0|2|2|0|0|0|EA|1|EA|0||||||||||||||||||0|0|||0|0|0|||||0|0|0|0|0|0|0|0|0|0|0|0|||||0|0|0|0||0|0||||0|0|0|0|0|0|0|0||0||0||0|0|0|||0||0|0|0|0|0|0|0|0|0|5-9504|0|0|0|0|0|0|20260420|164022|20260420|2|ATHARH01|1776718740676|0|00||0|0|EA|EA|1|1|1|0||0|||||||0|0|FOAM110||0|JEWEL_BADGE|0|0|||0||0||0|
200|20|GE020|GE020 - GREEK PIN TEMPLATE|GE020 - GREEK PIN TEMPLATE||WBOLIN01|4|EA|ZZZZZ|ZZZ|||J01|0|1|2|1|1|1|1|1|EA|0|0|0|0|0|0|Y2|Y2Y20|Y2Y20Y30|Y2Y20Y30Y40|Y2Y20Y30Y40Y500|Y2|Y20|Y30|Y40|Y500||0|||||0|0|||0|0|||||3|EA|0|2|2|0||0|||0|||DI1|0|1|0|TAX|GE020|1|J00077001|1|Y60001|0.17|1|USD|20260420|100|EA|0|USD|20230720|||Y1|||0|2|2|0|0|0|EA|1|EA|0||||||||||||||||||0|0|||0|0|0|||||0|0|0|0|0|0|0|0|0|0|0|0|||||0|0|0|0||0|0||||0|0|0|0|0|0|0|0||0||0||0|0|0|||0||0|0|0|0|0|0|0|0|0|5-9504|0|0|0|0|0|0|20260420|164022|20260420|2|ERICP01|1776703222325|0|00||0|0|EA|EA|1|1|1|0||0|||||||0|0|GE020 - GREEK PIN TEMPLATE||0|JEWEL_BADGE|0|0|||0||0||0|
200|20|GR01WWR|10 KW GRAIN|10 KW GRAIN||DISADMIN|4|DWT|ZZZZZ|ZZZ|||C01|0|2|2|1|1|1|1|1|DWT|0|0|0|0|0|0|Y2|Y2Y20|Y2Y20Y30|Y2Y20Y30Y40|Y2Y20Y30Y40Y500|Y2|Y20|Y30|Y40|Y500||0|||||0|0|||0|0|||||3|DWT|0|2|2|0||0|||0|||D1P|0|1|0|TAX|GE020|1|FL0GF080X300|1|Y60001|0.17|1|USD|20260420|100|DWT|0|USD|20230720|||Y1|||0|2|2|0|0|0|DWT|2|DWT|0||||||||||||||||||0|0|||0|0|0|||||0|0|0|0|0|0|0|0|0|0|0|0|||||0|0|0|0||0|0||||0|0|0|0|0|0|0|0||0||0||0|0|0|||0||0|0|0|0|0|0|0|0|0|5-9504|0|0|0|0|0|0|20260420|164022|20260420|1|WBOLIN01|1776714468847|0|00||0|0|DWT|DWT|1|1|1|0||0|||||||0|0|GR01WWR||0|JEWEL_BADGE|0|0|||0||0||0|
200|20|GREEKPIN|GREEK PIN TEMPLATE|GREEK PIN TEMPLATE||WBOLIN01|4|EA|GE020|GE024|||J01|0|1|2|1|1|1|1|1|EA|0|0|0|0|0|0|Y2|Y2Y20|Y2Y20Y30|Y2Y20Y30Y40|Y2Y20Y30Y40Y500|Y2|Y20|Y30|Y40|Y500||0|||||0|0|||0|0|||||3|EA|0|2|2|0||0|||0|||D1P|0|1|0|TAX|GE020|1|PINTEST|1|Y60001|0.17|1|USD|20260420|100|EA|0|USD|20230720|||Y1|||0|2|2|0|0|0|EA|2|EA|0||||||||||||||||||0|0|||0|0|0|||||0|0|0|0|0|0|0|0|0|0|0|0|||||0|0|0|0||0|0||||0|0|0|0|0|0|0|0||0||0||0|0|0|||0||0|0|0|0|0|0|0|0|0|5-9504|0|0|0|0|0|0|20260331|182800|20260420|4|WBOLIN01|1776693374288|0|00||0|0|EA|EA|1|1|1|0||0|||||||0|0|GREEKPIN||0|JEWEL_BADGE|0|0|||0||0||0|
200|20|GREEKSUB|GREEK PIN SUBASSEMBLY|GREEK PIN SUBASSEMBLY||WBOLIN01|4|EA|GE020|GE024|||J01|0|1|2|1|1|1|1|1|EA|0|0|0|0|0|0|Y2|Y2Y20|Y2Y20Y30|Y2Y20Y30Y40|Y2Y20Y30Y40Y500|Y2|Y20|Y30|Y40|Y500||0|||||0|0|||0|0|||||3|EA|0|2|2|0||0|||0|||D1P|0|1|0|TAX|GE020|1|GREEKPIN|1|Y60001|0.17|1|USD|20260420|100|EA|0|USD|20230720|||Y1|||0|2|2|0|0|0|EA|2|EA|0||||||||||||||||||0|0|||0|0|0|||||0|0|0|0|0|0|0|0|0|0|0|0|||||0|0|0|0||0|0||||0|0|0|0|0|0|0|0||0||0||0|0|0|||0||0|0|0|0|0|0|0|0|0|5-9504|0|0|0|0|0|0|20260420|151951|20260420|2|WBOLIN01|1776698405325|0|00||0|0|EA|EA|1|1|1|0||0|||||||0|0|GREEKSUB||0|JEWEL_BADGE|0|0|||0||0||0|
200|20|GREEKSUB1|GREEK PIN SUBASSEMBLY|GREEK PIN SUBASSEMBLY||WBOLIN01|4|EA|GE020|GE024|||J01|0|1|2|1|1|1|1|1|EA|0|0|0|0|0|0|Y2|Y2Y20|Y2Y20Y30|Y2Y20Y30Y40|Y2Y20Y30Y40Y500|Y2|Y20|Y30|Y40|Y500||0|||||0|0|||0|0|||||3|EA|0|2|2|0||0|||0|||D1P|0|1|0|TAX|GE020|1|GREEKSUB2|1|Y60001|0.17|1|USD|20260420|100|EA|0|USD|20230720|||Y1|||0|2|2|0|0|0|EA|2|EA|0||||||||||||||||||0|0|||0|0|0|||||0|0|0|0|0|0|0|0|0|0|0|0|||||0|0|0|0||0|0||||0|0|0|0|0|0|0|0||0||0||0|0|0|||0||0|0|0|0|0|0|0|0|0|5-9504|0|0|0|0|0|0|20260420|191618|20260420|1|WBOLIN01|1776712578121|0|00||0|0|EA|EA|1|1|1|0||0|||||||0|0|GREEKSUB1||0|JEWEL_BADGE|0|0|||0||0||0|
200|20|GREEKSUB2|GREEK PIN SUBASSEMBLY|GREEK PIN SUBASSEMBLY||WBOLIN01|4|EA|GE020|GE024|||J01|0|1|2|1|1|1|1|1|EA|0|0|0|0|0|0|Y2|Y2Y20|Y2Y20Y30|Y2Y20Y30Y40|Y2Y20Y30Y40Y500|Y2|Y20|Y30|Y40|Y500||0|||||0|0|||0|0|||||3|EA|0|2|2|0||0|||0|||D1P|0|1|0|TAX|GE020|1|GREEKSUB|1|Y60001|0.17|1|USD|20260420|100|EA|0|USD|20230720|||Y1|||0|2|2|0|0|0|EA|2|EA|0||||||||||||||||||0|0|||0|0|0|||||0|0|0|0|0|0|0|0|0|0|0|0|||||0|0|0|0||0|0||||0|0|0|0|0|0|0|0||0||0||0|0|0|||0||0|0|0|0|0|0|0|0|0|5-9504|0|0|0|0|0|0|20260420|152141|20260420|1|WBOLIN01|1776698501939|0|00||0|0|EA|EA|1|1|1|0||0|||||||0|0|GREEKSUB2||0|JEWEL_BADGE|0|0|||0||0||0|
200|20|GREEKSUB3|GREEK PIN SUBASSEMBLY|GREEK PIN SUBASSEMBLY||WBOLIN01|4|EA|GE020|GE024|||J01|0|1|2|1|1|1|1|1|EA|0|0|0|0|0|0|Y2|Y2Y20|Y2Y20Y30|Y2Y20Y30Y40|Y2Y20Y30Y40Y500|Y2|Y20|Y30|Y40|Y500||0|||||0|0|||0|0|||||3|EA|0|2|2|0||0|||0|||D1P|0|1|0|TAX|GE020|1|GREEKSUB2|1|Y60001|0.17|1|USD|20260420|100|EA|0|USD|20230720|||Y1|||0|2|2|0|0|0|EA|2|EA|0||||||||||||||||||0|0|||0|0|0|||||0|0|0|0|0|0|0|0|0|0|0|0|||||0|0|0|0||0|0||||0|0|0|0|0|0|0|0||0||0||0|0|0|||0||0|0|0|0|0|0|0|0|0|5-9504|0|0|0|0|0|0|20260420|152150|20260420|1|WBOLIN01|1776698510734|0|00||0|0|EA|EA|1|1|1|0||0|||||||0|0|GREEKSUB3||0|JEWEL_BADGE|0|0|||0||0||0|
200|20|GRSSWR|SS CASTING GRAIN|SS CASTING GRAIN||DISADMIN|4|DWT|ZZZZZ|ZZZ|||C01|0|2|2|1|1|1|1|1|DWT|0|0|0|0|0|0|Y2|Y2Y20|Y2Y20Y30|Y2Y20Y30Y40|Y2Y20Y30Y40Y500|Y2|Y20|Y30|Y40|Y500||0|||||0|0|||0|0|||||3|DWT|0|2|2|0||0|||0|||D1P|0|1|0|TAX|GE020|1|CRM00001|1|Y60001|100|1|USD|20260424|100|DWT|0|USD|20230720|||Y1|||0|2|2|0|0|0|DWT|2|DWT|0||||||||||||||||||0|0|||0|0|0|||||0|0|0|0|0|0|0|0|0|0|0|0|||||0|0|0|0||0|0||||0|0|0|0|0|0|0|0||0||0||0|0|0|||0||0|0|0|0|0|0|0|0|0|5-9504|0|0|0|0|0|0|20260420|164022|20260424|2|WBOLIN01|1777050522291|0|00||0|0|DWT|DWT|1|1|1|0||0|||||||0|0|GRSSWR||0|JEWEL_BADGE|0|0|||0||0||0|
200|20|HLOOPNS0003105|1/2 LOOP HALF JUMPRINGS 3105|HLOOPNS0003105||DISADMIN|4|EA|C1010|ZZZ|||C01|0|2|2|1|1|1|1|1|EA|0|0|0|0|0|0|Y2|Y2Y20|Y2Y20Y30|Y2Y20Y30Y40|Y2Y20Y30Y40Y500|Y2|Y20|Y30|Y40|Y500||0|||||0|0|||0|0|||||3|EA|0|2|2|0||0|||0|||D1P|0|1|0|TAX|GE020|1|CATCHNS0045014|1|Y60001|20|1|USD|20251121|100|EA|0|USD|20230720|||Y1|||0|2|2|0|0|0|EA|1|EA|0||||||||||||||||||0|0|||0|0|0|||||0|0|0|0|0|0|0|0|0|0|0|0|||||0|0|0|0||0|0||||0|0|0|0|0|0|0|0||0||0||0|0|0|||0||0|0|0|0|0|0|0|0|0|5-9504|0|0|0|0|0|0|20260317|21202|20260420|5|ATHARH01|1776714183252|0|00||0|0|EA|EA|1|1|1|0||0|||||||0|0|HLOOPNS0003105||0|JEWEL_BADGE|0|0|||0||0||0|
200|20|J00670100|OFFICIAL PLAIN BADGE|CPQ TEST BADGE 2||WBOLIN01|4|EA|GE040|ZZZ|||J01|0|1|2|1|1|1|1|1|EA|0|0|0|0|0|0|Y2|Y2Y20|Y2Y20Y30|Y2Y20Y30Y40|Y2Y20Y30Y40Y500|Y2|Y20|Y30|Y40|Y500||0|||||0|0|||0|0|||||3|EA|0|2|2|0||0|||0|||D1P|0|1|0|TAX|GE020|1|J07430100|1|Y60001|20|1|USD|20251121|100|EA|0|USD|20230720|||Y1|||0|2|2|0|0|0|EA|2|EA|0||||||||||||||||||0|0|||0|0|0|||||0|0|0|0|0|0|0|0|0|0|0|0|||||0|0|0|0||0|0||||0|0|0|0|0|0|0|0||0||0||0|0|0|||0||0|0|0|0|0|0|0|0|0|5-9504|0|0|0|0|0|0|20260420|164022|20260424|2|ATHARH01|1777064317841|0|00||0|0|EA|EA|1|1|1|0||0|||||||0|0|J00670100||0|JEWEL_BADGE|0|0|||0||0||0|
200|20|J00670100001|OFFICIAL PLAIN BADGE|CONSTRUCTION METHOD GE-C-MULTI J00000002||WBOLIN01|4|EA|GE040|ZZZ|||J01|0|1|3|1|1|1|1|1|EA|0|0|0|0|0|0|Y2|Y2Y20|Y2Y20Y30|Y2Y20Y30Y40|Y2Y20Y30Y40Y500|Y2|Y20|Y30|Y40|Y500||0|||||0|0|||0|0|||||3|EA|0|2|2|0||0|||0|||D1P|0|1|0|TAX|GE020|1|J00670100|1|Y60001|20|1|USD|20251121|100|EA|0|USD|20230720|||Y1|||0|2|2|0|0|0|EA|2|EA|0||||||||||||||||||0|0|||0|0|0|||||0|0|0|0|0|0|0|0|0|0|0|0|||||0|0|0|0||0|0||||0|0|0|0|0|0|0|0||0||0||0|0|0|||0||0|0|0|0|0|0|0|0|0|J00670100|0|0|0|0|0|0|20260422|171830|20260424|6|ATHARH01|1777064328661|0|00||0|0|EA|EA|1|1|1|0||0|||||||0|0|J00670100001||0|JEWEL_BADGE|0|0|||0||0||0|
200|20|J00670100002|OFFICIAL PLAIN BADGE|CONSTRUCTION METHOD GE-C-MULTI J00000002||WBOLIN01|4|EA|GE040|ZZZ|||J01|0|1|3|1|1|1|1|1|EA|0|0|0|0|0|0|Y2|Y2Y20|Y2Y20Y30|Y2Y20Y30Y40|Y2Y20Y30Y40Y500|Y2|Y20|Y30|Y40|Y500||0|||||0|0|||0|0|||||3|EA|0|2|2|0||0|||0|||D1P|0|1|0|TAX|GE020|1|J00670100|1|Y60001|20|1|USD|20251121|100|EA|0|USD|20230720|||Y1|||0|2|2|0|0|0|EA|2|EA|0||||||||||||||||||0|0|||0|0|0|||||0|0|0|0|0|0|0|0|0|0|0|0|||||0|0|0|0||0|0||||0|0|0|0|0|0|0|0||0||0||0|0|0|||0||0|0|0|0|0|0|0|0|0|J00670100|0|0|0|0|0|0|20260422|171937|20260424|3|ATHARH01|1777064337801|0|00||0|0|EA|EA|1|1|1|0||0|||||||0|0|J00670100002||0|JEWEL_BADGE|0|0|||0||0||0|
200|20|J00670100003|OFFICIAL PLAIN BADGE|CONSTRUCTION METHOD GE-C-CAST J000000026||WBOLIN01|4|EA|GE040|ZZZ|||J01|0|1|3|1|1|1|1|1|EA|0|0|0|0|0|0|Y2|Y2Y20|Y2Y20Y30|Y2Y20Y30Y40|Y2Y20Y30Y40Y500|Y2|Y20|Y30|Y40|Y500||0|||||0|0|||0|0|||||3|EA|0|2|2|0||0|||0|||D1P|0|1|0|TAX|GE020|1|J00670100|1|Y60001|20|1|USD|20251121|100|EA|0|USD|20230720|||Y1|||0|2|2|0|0|0|EA|2|EA|0||||||||||||||||||0|0|||0|0|0|||||0|0|0|0|0|0|0|0|0|0|0|0|||||0|0|0|0||0|0||||0|0|0|0|0|0|0|0||0||0||0|0|0|||0||0|0|0|0|0|0|0|0|0|J00670100|0|0|0|0|0|0|20260424|170025|20260424|3|ATHARH01|1777064347037|0|00||0|0|EA|EA|1|1|1|0||0|||||||0|0|J00670100003||0|JEWEL_BADGE|0|0|||0||0||0|
200|20|J00670100004|OFFICIAL PLAIN BADGE|J000000003 MSS||WBOLIN01|4|EA|GE040|ZZZ|||J01|0|1|3|1|1|1|1|1|EA|0|0|0|0|0|0|Y2|Y2Y20|Y2Y20Y30|Y2Y20Y30Y40|Y2Y20Y30Y40Y500|Y2|Y20|Y30|Y40|Y500||0|||||0|0|||0|0|||||3|EA|0|2|2|0||0|||0|||D1P|0|1|0|TAX|GE020|1|J00670100|1|Y60001|20|1|USD|20251121|100|EA|0|USD|20230720|||Y1|||0|2|2|0|0|0|EA|2|EA|0||||||||||||||||||0|0|||0|0|0|||||0|0|0|0|0|0|0|0|0|0|0|0|||||0|0|0|0||0|0||||0|0|0|0|0|0|0|0||0||0||0|0|0|||0||0|0|0|0|0|0|0|0|0|J00670100|0|0|0|0|0|0|20260427|191355|20260427|1|ERICP01|1777317235372|0|00||0|0|EA|EA|1|1|1|0||0|||||||0|0|J00670100004||0|JEWEL_BADGE|0|0|||0||0||0|
200|20|J05830100|PLAIN BADGE|GREEK PIN CPQ TEST||WBOLIN01|4|EA|GE020|GE024|||J01|0|1|2|1|1|1|1|1|EA|0|0|0|0|0|0|Y2|Y2Y20|Y2Y20Y30|Y2Y20Y30Y40|Y2Y20Y30Y40Y500|Y2|Y20|Y30|Y40|Y500||0|||||0|0|||0|0|||||3|EA|0|2|2|0||0|||0|||D1P|0|1|0|TAX|GE020|1|GREEKPIN|1|Y60001|20|1|USD|20251121|100|EA|0|USD|20230720|||Y1|||0|2|2|0|0|0|EA|2|EA|0||||||||||||||||||0|0|||0|0|0|||||0|0|0|0|0|0|0|0|0|0|0|0|||||0|0|0|0||0|0||||0|0|0|0|0|0|0|0||0||0||0|0|0|||0||0|0|0|0|0|0|0|0|0|J00670100|0|0|0|0|0|0|20260427|172422|20260427|3|WBOLIN01|1777310713832|0|00||0|0|EA|EA|1|1|1|0||0|||||||0|0|A000200306||0|JEWEL_BADGE|0|0|||0||0||0|
200|20|J05830100001|PLAIN BADGE|CONSTRUCTION METHOD GE-C-MULTI J00000002||WBOLIN01|4|EA|GE020|GE024|||J01|0|1|3|1|1|1|1|1|EA|0|0|0|0|0|0|Y2|Y2Y20|Y2Y20Y30|Y2Y20Y30Y40|Y2Y20Y30Y40Y500|Y2|Y20|Y30|Y40|Y500||0|||||0|0|||0|0|||||3|EA|0|2|2|0||0|||0|||D1P|0|1|0|TAX|GE020|1|J05830100|1|Y60001|20|1|USD|20251121|100|EA|0|USD|20230720|||Y1|||0|2|2|0|0|0|EA|2|EA|0||||||||||||||||||0|0|||0|0|0|||||0|0|0|0|0|0|0|0|0|0|0|0|||||0|0|0|0||0|0||||0|0|0|0|0|0|0|0||0||0||0|0|0|||0||0|0|0|0|0|0|0|0|0|J05830100|0|0|0|0|0|0|20260427|182620|20260427|1|WBOLIN01|1777314380582|0|00||0|0|EA|EA|1|1|1|0||0|||||||0|0|J05830100001||0|JEWEL_BADGE|0|0|||0||0||0|
200|20|J07430100|SCROLL BORDER BADGE|CPQ TEST BADGE 1||WBOLIN01|4|EA|GE040|ZZZ|||J01|0|1|2|1|1|1|1|1|EA|0|0|0|0|0|0|Y2|Y2Y20|Y2Y20Y30|Y2Y20Y30Y40|Y2Y20Y30Y40Y500|Y2|Y20|Y30|Y40|Y500||0|||||0|0|||0|0|||||3|EA|0|2|2|0||0|||0|||D1P|0|1|0|TAX|GE020|1|J00077001|1|Y60001|20|1|USD|20251121|100|EA|0|USD|20230720|||Y1|||0|2|2|0|0|0|EA|2|EA|0||||||||||||||||||0|0|||0|0|0|||||0|0|0|0|0|0|0|0|0|0|0|0|||||0|0|0|0||0|0||||0|0|0|0|0|0|0|0||0||0||0|0|0|||0||0|0|0|0|0|0|0|0|0|J05830100|0|0|0|0|0|0|20260420|164022|20260424|2|ATHARH01|1777064308341|0|00||0|0|EA|EA|1|1|1|0||0|||||||0|0|J07430100||0|JEWEL_BADGE|0|0|||0||0||0|
200|50|J07430100001|SCROLL BORDER BADGE|CONSTRUCTION METHOD GE-C-BLANK J00000002||WBOLIN01|4|EA|GE040|ZZZ|||J01|0|1|3|1|1|2|2|2|EA|0|0|0|0|0|0|Y2|Y2Y20|Y2Y20Y30|Y2Y20Y30Y40|Y2Y20Y30Y40Y500|Y2|Y20|Y30|Y40|Y500||0|||||0|0|||0|0|||||3|EA|0|2|2|0||0|||0|||D1P|0|1|0|TAX|GE020|1|J07430100|1|Y60001|20|1|USD|20251121|100|EA|1|USD|20230720|||Y1|||0|2|2|0|0|0|EA|2|EA|0||||||||||||||||||0|0|||0|0|0|||||0|0|0|0|0|0|0|0|0|0|0|0|||||0|0|0|0||0|0||||0|0|0|0|0|0|0|0||0||0||0|0|0|||0||0|0|0|0|0|0|0|0|0|J07430100|0|0|0|0|0|0|20260420|194434|20260424|6|ATHARH01|1777064298631|0|00||0|0|EA|EA|1|1|1|0||0|||||||0|0|J07430100001||0|JEWEL_BADGE|0|0|||0||0||0|
200|20|J07430100002|SCROLL BORDER BADGE|CONSTRUCTION METHOD GE-C-BLANK J00000002||WBOLIN01|4|EA|GE040|ZZZ|||J01|0|1|3|1|1|2|2|2|EA|0|0|0|0|0|0|Y2|Y2Y20|Y2Y20Y30|Y2Y20Y30Y40|Y2Y20Y30Y40Y500|Y2|Y20|Y30|Y40|Y500||0|||||0|0|||0|0|||||3|EA|0|2|2|0||0|||0|||D1P|0|1|0|TAX|GE020|1|J07430100|1|Y60001|20|1|USD|20251121|100|EA|1|USD|20230720|||Y1|||0|2|2|0|0|0|EA|2|EA|0||||||||||||||||||0|0|||0|0|0|||||0|0|0|0|0|0|0|0|0|0|0|0|||||0|0|0|0||0|0||||0|0|0|0|0|0|0|0||0||0||0|0|0|||0||0|0|0|0|0|0|0|0|0|J07430100|0|0|0|0|0|0|20260420|195831|20260424|5|ATHARH01|1777064283663|0|00||0|0|EA|EA|1|1|1|0||0|||||||0|0|J07430100002||0|JEWEL_BADGE|0|1|||0||0||0|
200|20|J08095607|Past President Pin, 10K|Past President Pin, 10K||WBOLIN01|4|EA|ZZZZZ|ZZZ|||J01|0|1|2|1|1|2|2|2|EA|0|0|0|0|0|0|Y2|Y2Y20|Y2Y20Y30|Y2Y20Y30Y40|Y2Y20Y30Y40Y500|Y2|Y20|Y30|Y40|Y500||0|||||0|0|||0|0|||||3|EA|0|2|2|0||0|||0|||D1P|0|1|0|TAX|GE020|1|KEYCHAIN3|1|Y60001|20|1|USD|20251121|100|EA|1|USD|20230720|||Y1|||0|2|2|0|0|0|EA|2|EA|0||||||||||||||||||0|0|||0|0|0|||||0|0|0|0|0|0|0|0|0|0|0|0|||||0|0|0|0||0|0||||0|0|0|0|0|0|0|0||0||0||0|0|0|||0||0|0|0|0|0|0|0|0|0|J07430100|0|0|0|0|0|0|20260420|164022|20260424|1|WBOLIN01|1777065665374|0|00||0|0|EA|EA|1|1|1|0||0|||||||0|0|J08095607||0|JEWEL_GIFT|0|1|||0||0||0|
200|20|J08095608|Past President Pin, SS|Past President Pin, SS||WBOLIN01|4|EA|ZZZZZ|ZZZ|||J01|0|1|2|1|1|2|2|2|EA|0|0|0|0|0|0|Y2|Y2Y20|Y2Y20Y30|Y2Y20Y30Y40|Y2Y20Y30Y40Y500|Y2|Y20|Y30|Y40|Y500||0|||||0|0|||0|0|||||3|EA|0|2|2|0||0|||0|||D1P|0|1|0|TAX|GE020|1|J08095607|1|Y60001|20|1|USD|20251121|100|EA|1|USD|20230720|||Y1|||0|2|2|0|0|0|EA|2|EA|0||||||||||||||||||0|0|||0|0|0|||||0|0|0|0|0|0|0|0|0|0|0|0|||||0|0|0|0||0|0||||0|0|0|0|0|0|0|0||0||0||0|0|0|||0||0|0|0|0|0|0|0|0|0|J07430100|0|0|0|0|0|0|20260420|164022|20260420|1|ERICP01|1776703222512|0|00||0|0|EA|EA|1|1|1|0||0|||||||0|0|J08095608||0|JEWEL_GIFT|0|1|||0||0||0|
200|20|J08095609|Past President Pin, GF|Past President Pin, GF||WBOLIN01|4|EA|ZZZZZ|ZZZ|||J01|0|1|2|1|1|2|2|2|EA|0|0|0|0|0|0|Y2|Y2Y20|Y2Y20Y30|Y2Y20Y30Y40|Y2Y20Y30Y40Y500|Y2|Y20|Y30|Y40|Y500||0|||||0|0|||0|0|||||3|EA|0|2|2|0||0|||0|||D1P|0|1|0|TAX|GE020|1|J08095608|1|Y60001|20|1|USD|20251121|100|EA|1|USD|20230720|||Y1|||0|2|2|0|0|0|EA|2|EA|0||||||||||||||||||0|0|||0|0|0|||||0|0|0|0|0|0|0|0|0|0|0|0|||||0|0|0|0||0|0||||0|0|0|0|0|0|0|0||0||0||0|0|0|||0||0|0|0|0|0|0|0|0|0|J07430100|0|0|0|0|0|0|20260420|164022|20260420|1|ERICP01|1776703222532|0|00||0|0|EA|EA|1|1|1|0||0|||||||0|0|J08095609||0|JEWEL_GIFT|0|1|||0||0||0|
200|20|KEYCHAIN2|KEYCHAIN - CONFIG ENGRAVE ONLY|KEYCHAIN - CONFIG W ENGRAVE ONLY||WBOLIN01|4|EA|ZZZZZ|ZZZ|||J01|0|1|2|1|1|2|2|2|EA|0|0|0|0|0|0|Y2|Y2Y20|Y2Y20Y30|Y2Y20Y30Y40|Y2Y20Y30Y40Y500|Y2|Y20|Y30|Y40|Y500||0|||||0|0|||0|0|||||3|EA|0|2|2|0||0|||0|||D1P|0|1|0|TAX|GE020|1|KEYCHAIN|1|Y60001|20|1|USD|20251121|100|EA|1|USD|20230720|||Y1|||0|2|2|0|0|0|EA|1|EA|0||||||||||||||||||0|0|||0|0|0|||||0|0|0|0|0|0|0|0|0|0|0|0|||||0|0|0|0||0|0||||0|0|0|0|0|0|0|0||0||0||0|0|0|||0||0|0|0|0|0|0|0|0|0|J07430100|0|0|0|0|0|0|20260420|164022|20260423|4|PREMS01|1776965041603|0|00||0|0|EA|EA|1|1|1|0||0|||||||0|0|KEYCHAIN2||0|JEWEL_GIFT|0|1|||0||0||0|
200|20|KEYCHAIN2001|KEYCHAIN - CONFIG ENGRAVE ONLY|CONFIGURABLE NO||WBOLIN01|4|EA|C1030|ZZZ|||J01|0|1|3|1|1|2|2|2|EA|0|0|0|0|0|0|Y2|Y2Y20|Y2Y20Y30|Y2Y20Y30Y40|Y2Y20Y30Y40Y500|Y2|Y20|Y30|Y40|Y500||0|||||0|0|||0|0|||||3|EA|0|2|2|0||0|||0|||D1P|0|1|0|TAX|GE020|1|KEYCHAIN2|1|Y60001|20|1|USD|20251121|100|EA|1|USD|20230720|||Y1|||0|2|2|0|0|0|EA|1|EA|0||||||||||||||||||0|0|||0|0|0|||||0|0|0|0|0|0|0|0|0|0|0|0|||||0|0|0|0||0|0||||0|0|0|0|0|0|0|0||0||0||0|0|0|||0||0|0|0|0|0|0|0|0|0|KEYCHAIN2|0|0|0|0|0|0|20260421|170127|20260421|2|ATHARH01|1776791794777|0|00||0|0|EA|EA|1|1|1|0||0|||||||0|0|KEYCHAIN2001||0|JEWEL_GIFT|0|1|||0||0||0|
200|20|KEYCHAIN2002|KEYCHAIN - CONFIG ENGRAVE ONLY|CONFIGURABLE YES||WBOLIN01|4|EA|ZZZZZ|ZZZ|||J01|0|1|3|1|1|2|2|2|EA|0|0|0|0|0|0|Y2|Y2Y20|Y2Y20Y30|Y2Y20Y30Y40|Y2Y20Y30Y40Y500|Y2|Y20|Y30|Y40|Y500||0|||||0|0|||0|0|||||3|EA|0|2|2|0||0|||0|||D1P|0|1|0|TAX|GE020|1|KEYCHAIN2|1|Y60001|20|1|USD|20251121|100|EA|1|USD|20230720|||Y1|||0|2|2|0|0|0|EA|1|EA|0||||||||||||||||||0|0|||0|0|0|||||0|0|0|0|0|0|0|0|0|0|0|0|||||0|0|0|0||0|0||||0|0|0|0|0|0|0|0||0||0||0|0|0|||0||0|0|0|0|0|0|0|0|0|KEYCHAIN2|0|0|0|0|0|0|20260423|155408|20260423|1|WBOLIN01|1776959648586|0|00||0|0|EA|EA|1|1|1|0||0|||||||0|0|KEYCHAIN2002||0|JEWEL_GIFT|0|1|||0||0||0|
200|20|KEYCHAIN2003|KEYCHAIN - CONFIG ENGRAVE ONLY|CONFIGURABLE NO||WBOLIN01|4|EA|ZZZZZ|ZZZ|||J01|0|1|3|1|1|2|2|2|EA|0|0|0|0|0|0|Y2|Y2Y20|Y2Y20Y30|Y2Y20Y30Y40|Y2Y20Y30Y40Y500|Y2|Y20|Y30|Y40|Y500||0|||||0|0|||0|0|||||3|EA|0|2|2|0||0|||0|||D1P|0|1|0|TAX|GE020|1|KEYCHAIN2|1|Y60001|20|1|USD|20251121|100|EA|1|USD|20230720|||Y1|||0|2|2|0|0|0|EA|1|EA|0||||||||||||||||||0|0|||0|0|0|||||0|0|0|0|0|0|0|0|0|0|0|0|||||0|0|0|0||0|0||||0|0|0|0|0|0|0|0||0||0||0|0|0|||0||0|0|0|0|0|0|0|0|0|KEYCHAIN2|0|0|0|0|0|0|20260423|162102|20260423|1|PREMS01|1776961262674|0|00||0|0|EA|EA|1|1|1|0||0|||||||0|0|KEYCHAIN2003||0|JEWEL_GIFT|0|1|||0||0||0|
200|20|KEYCHAIN2004|KEYCHAIN - CONFIG ENGRAVE ONLY|Commission Amount 1 Royalty Amount 2 Roy||WBOLIN01|4|EA|ZZZZZ|ZZZ|||J01|0|1|3|1|1|2|2|2|EA|0|0|0|0|0|0|Y2|Y2Y20|Y2Y20Y30|Y2Y20Y30Y40|Y2Y20Y30Y40Y500|Y2|Y20|Y30|Y40|Y500||0|||||0|0|||0|0|||||3|EA|0|2|2|0||0|||0|||D1P|0|1|0|TAX|GE020|1|KEYCHAIN2|1|Y60001|20|1|USD|20251121|100|EA|1|USD|20230720|||Y1|||0|2|2|0|0|0|EA|1|EA|0||||||||||||||||||0|0|||0|0|0|||||0|0|0|0|0|0|0|0|0|0|0|0|||||0|0|0|0||0|0||||0|0|0|0|0|0|0|0||0||0||0|0|0|||0||0|0|0|0|0|0|0|0|0|KEYCHAIN2|0|0|0|0|0|0|20260423|170910|20260423|1|PREMS01|1776964150999|0|00||0|0|EA|EA|1|1|1|0||0|||||||0|0|KEYCHAIN2004||0|JEWEL_GIFT|0|1|||0||0||0|
200|20|KEYCHAIN2005|KEYCHAIN - CONFIG ENGRAVE ONLY|CONFIGURABLE NO||WBOLIN01|4|EA|ZZZZZ|ZZZ|||J01|0|1|3|1|1|2|2|2|EA|0|0|0|0|0|0|Y2|Y2Y20|Y2Y20Y30|Y2Y20Y30Y40|Y2Y20Y30Y40Y500|Y2|Y20|Y30|Y40|Y500||0|||||0|0|||0|0|||||3|EA|0|2|2|0||0|||0|||D1P|0|1|0|TAX|GE020|1|KEYCHAIN2|1|Y60001|20|1|USD|20251121|100|EA|1|USD|20230720|||Y1|||0|2|2|0|0|0|EA|1|EA|0||||||||||||||||||0|0|||0|0|0|||||0|0|0|0|0|0|0|0|0|0|0|0|||||0|0|0|0||0|0||||0|0|0|0|0|0|0|0||0||0||0|0|0|||0||0|0|0|0|0|0|0|0|0|KEYCHAIN2|0|0|0|0|0|0|20260423|171449|20260423|1|PREMS01|1776964489137|0|00||0|0|EA|EA|1|1|1|0||0|||||||0|0|KEYCHAIN2005||0|JEWEL_GIFT|0|1|||0||0||0|
200|20|KEYCHAIN2006|KEYCHAIN - CONFIG ENGRAVE ONLY|Commission Amount 1||WBOLIN01|4|EA|ZZZZZ|ZZZ|||J01|0|1|3|1|1|2|2|2|EA|0|0|0|0|0|0|Y2|Y2Y20|Y2Y20Y30|Y2Y20Y30Y40|Y2Y20Y30Y40Y500|Y2|Y20|Y30|Y40|Y500||0|||||0|0|||0|0|||||3|EA|0|2|2|0||0|||0|||D1P|0|1|0|TAX|GE020|1|KEYCHAIN2|1|Y60001|20|1|USD|20251121|100|EA|1|USD|20230720|||Y1|||0|2|2|0|0|0|EA|1|EA|0||||||||||||||||||0|0|||0|0|0|||||0|0|0|0|0|0|0|0|0|0|0|0|||||0|0|0|0||0|0||||0|0|0|0|0|0|0|0||0||0||0|0|0|||0||0|0|0|0|0|0|0|0|0|KEYCHAIN2|0|0|0|0|0|0|20260423|172440|20260423|1|PREMS01|1776965080241|0|00||0|0|EA|EA|1|1|1|0||0|||||||0|0|KEYCHAIN2006||0|JEWEL_GIFT|0|1|||0||0||0|
200|20|KEYCHAIN3|KEYCHAIN - NO OPTIONS|KEYCHAIN - CONFIG W ENGRAVE ONLY||WBOLIN01|4|EA|ZZZZZ|ZZZ|||J01|0|1|2|1|1|2|2|2|EA|0|0|0|0|0|0|Y2|Y2Y20|Y2Y20Y30|Y2Y20Y30Y40|Y2Y20Y30Y40Y500|Y2|Y20|Y30|Y40|Y500||0|||||0|0|||0|0|||||3|EA|0|2|2|0||0|||0|||D1P|0|1|0|TAX|GE020|1|KEYCHAIN2|1|Y60001|20|1|USD|20251121|100|EA|1|USD|20230720|||Y1|||0|2|2|0|0|0|EA|1|EA|0||||||||||||||||||0|0|||0|0|0|||||0|0|0|0|0|0|0|0|0|0|0|0|||||0|0|0|0||0|0||||0|0|0|0|0|0|0|0||0||0||0|0|0|||0||0|0|0|0|0|0|0|0|0|KEYCHAIN2|0|0|0|0|0|0|20260420|164022|20260420|1|ERICP01|1776703222572|0|00||0|0|EA|EA|1|1|1|0||0|||||||0|0|KEYCHAIN3||0|JEWEL_GIFT|0|1|||0||0||0|
200|20|KEYCHAIN3001|KEYCHAIN - NO OPTIONS|CONFIGURABLE NO||WBOLIN01|4|EA|ZZZZZ|ZZZ|||J01|0|1|3|1|1|2|2|2|EA|0|0|0|0|0|0|Y2|Y2Y20|Y2Y20Y30|Y2Y20Y30Y40|Y2Y20Y30Y40Y500|Y2|Y20|Y30|Y40|Y500||0|||||0|0|||0|0|||||3|EA|0|2|2|0||0|||0|||D1P|0|1|0|TAX|GE020|1|KEYCHAIN3|1|Y60001|20|1|USD|20251121|100|EA|1|USD|20230720|||Y1|||0|2|2|0|0|0|EA|1|EA|0||||||||||||||||||0|0|||0|0|0|||||0|0|0|0|0|0|0|0|0|0|0|0|||||0|0|0|0||0|0||||0|0|0|0|0|0|0|0||0||0||0|0|0|||0||0|0|0|0|0|0|0|0|0|KEYCHAIN3|0|0|0|0|0|0|20260420|165444|20260420|1|WBOLIN01|1776704084847|0|00||0|0|EA|EA|1|1|1|0||0|||||||0|0|KEYCHAIN3001||0|JEWEL_GIFT|0|1|||0||0||0|
200|20|LCF3627|J05830100 SUBASSEMBLY|J05830100 SUBASSEMBLY||WBOLIN01|4|EA|GE020|GE024|||J01|0|1|2|1|1|2|2|2|EA|0|0|0|0|0|0|Y2|Y2Y20|Y2Y20Y30|Y2Y20Y30Y40|Y2Y20Y30Y40Y500|Y2|Y20|Y30|Y40|Y500||0|||||0|0|||0|0|||||3|EA|0|2|2|0||0|||0|||D1P|0|1|0|TAX|GE020|1|GREEKSUB2|1|Y60001|20|1|USD|20251121|100|EA|1|USD|20230720|||Y1|||0|2|2|0|0|0|EA|2|EA|0||||||||||||||||||0|0|||0|0|0|||||0|0|0|0|0|0|0|0|0|0|0|0|||||0|0|0|0||0|0||||0|0|0|0|0|0|0|0||0||0||0|0|0|||0||0|0|0|0|0|0|0|0|0|KEYCHAIN3|0|0|0|0|0|0|20260427|180413|20260427|2|WBOLIN01|1777313077070|0|00||0|0|EA|EA|1|1|1|0||0|||||||0|0|LCF3627||0|JEWEL_GIFT|0|1|||0||0||0|
200|20|PEGNS6903X330|69 PEG 721H-33300 PEG 030 X 33|69 PEG 721H-33300 PEG 030 X 330||DISADMIN|4|EA|C1010|ZZZ|||C01|0|2|2|1|1|2|2|2|EA|0|0|0|0|0|0|Y2|Y2Y20|Y2Y20Y30|Y2Y20Y30Y40|Y2Y20Y30Y40Y500|Y2|Y20|Y30|Y40|Y500||0|||||0|0|||0|0|||||3|EA|0|2|2|0||0|||0|||D1P|0|1|0|TAX|GE020|1|PINSTNS05212|1|Y60001|20|1|USD|20251121|100|EA|1|USD|20230720|||Y1|||0|2|2|0|0|0|EA|1|EA|0||||||||||||||||||0|0|||0|0|0|||||0|0|0|0|0|0|0|0|0|0|0|0|||||0|0|0|0||0|0||||0|0|0|0|0|0|0|0||0||0||0|0|0|||0||0|0|0|0|0|0|0|0|0|KEYCHAIN3|0|0|0|0|0|0|20260420|164022|20260424|1|ATHARH01|1777045664759|0|00||0|0|EA|EA|1|1|1|0||0|||||||0|0|PEGNS6903X330||0|JEWEL_GIFT|0|1|||0||0||0|
200|20|PINSTNS05212|PIN STEM NS 52X1/2 F852212|PINSTNS0521/2||DISADMIN|4|EA|C1010|ZZZ|||C01|0|2|2|1|1|2|2|2|EA|0|0|0|0|0|0|Y2|Y2Y20|Y2Y20Y30|Y2Y20Y30Y40|Y2Y20Y30Y40Y500|Y2|Y20|Y30|Y40|Y500||0|||||0|0|||0|0|||||3|EA|0|2|2|0||0|||0|||D1P|0|1|0|TAX|GE020|1|HLOOPNS0003105|1|Y60001|0.35|1|USD|20260420|100|EA|1|USD|20230720|||Y1|||0|2|2|0|0|0|EA|2|EA|0||||||||||||||||||0|0|||0|0|0|||||0|0|0|0|0|0|0|0|0|0|0|0|||||0|0|0|0||0|0||||0|0|0|0|0|0|0|0||0||0||0|0|0|||0||0|0|0|0|0|0|0|0|0|KEYCHAIN3|0|0|0|0|0|0|20260420|164436|20260420|3|LALMONTE|1776720066076|0|00||0|0|EA|EA|1|1|1|0||0|||||||0|0|PINSTNS05212||0|JEWEL_GIFT|0|1|||0||0||0|
200|20|PINSTNS09812|PIN STEM 1/2 60-57-98/50C|PINSTNS0981/2||DISADMIN|4|EA|ZZZZZ|ZZZ|||C01|0|2|2|1|1|2|2|2|EA|0|0|0|0|0|0|Y2|Y2Y20|Y2Y20Y30|Y2Y20Y30Y40|Y2Y20Y30Y40Y500|Y2|Y20|Y30|Y40|Y500||0|||||0|0|||0|0|||||3|EA|0|2|2|0||0|||0|||D1P|0|1|0|TAX|GE020|1|PINSTNS05212|1|Y60001|0.35|1|USD|20260420|100|EA|1|USD|20230720|||Y1|||0|2|2|0|0|0|EA|2|EA|0||||||||||||||||||0|0|||0|0|0|||||0|0|0|0|0|0|0|0|0|0|0|0|||||0|0|0|0||0|0||||0|0|0|0|0|0|0|0||0||0||0|0|0|||0||0|0|0|0|0|0|0|0|0|KEYCHAIN3|0|0|0|0|0|0|20260420|164436|20260420|3|ERICP01|1776703476962|0|00||0|0|EA|EA|1|1|1|0||0|||||||0|0|PINSTNS09812||0|JEWEL_GIFT|0|1|||0||0||0|
200|20|PINTEST|NURSING PIN TEMPLATE|NURSING PIN TEMPLATE||WBOLIN01|4|EA|GE020|GE021|||J01|0|1|2|1|1|2|2|2|EA|0|0|0|0|0|0|Y2|Y2Y20|Y2Y20Y30|Y2Y20Y30Y40|Y2Y20Y30Y40Y500|Y2|Y20|Y30|Y40|Y500||0|||||0|0|||0|0|||||3|EA|0|2|2|0||0|||0|||D1P|0|1|0|TAX|GE020|1|GREEKPIN|1|Y60001|0.35|1|USD|20260420|100|EA|1|USD|20230720|||Y1|||0|2|2|0|0|0|EA|2|EA|0||||||||||||||||||0|0|||0|0|0|||||0|0|0|0|0|0|0|0|0|0|0|0|||||0|0|0|0||0|0||||0|0|0|0|0|0|0|0||0||0||0|0|0|||0||0|0|0|0|0|0|0|0|0|KEYCHAIN3|0|0|0|0|0|0|20260420|160746|20260420|2|WBOLIN01|1776701284549|0|00||0|0|EA|EA|1|1|1|0||0|||||||0|0|PINTEST||0|JEWEL_GIFT|0|1|||0||0||0|
200|20|PK001|Packaging Item|Branch Planning Template Description||DISADMIN|4|EA|ZZZZZ|ZZZ|||C01|0|2|2|1|1|1|1|1|EA|0|0|0|0|0|0|Y2|Y2Y20|Y2Y20Y30|Y2Y20Y30Y40|Y2Y20Y30Y40Y500|Y2|Y20|Y30|Y40|Y500||0|||||0|0|||0|0|||||3|EA|0|2|2|0||0|||0|||DI1|0|1|0|TAX|GE020|1|Y2Y20Y30|1|Y60001|0.35|1|USD|20260420|100|EA|1|USD|20230720|||Y1|||0|2|2|0|0|0|EA|1|EA|0||||||||||||||||||0|0|||0|0|0|||||0|0|0|0|0|0|0|0|0|0|0|0|||||0|0|0|0||0|0||||0|0|0|0|0|0|0|0||0||0||0|0|0|||0||0|0|0|0|0|0|0|0|0|KEYCHAIN3|0|0|0|0|0|0|20260420|164022|20260420|2|ERICP01|1776703222628|0|00||0|0|EA|EA|1|1|1|0||0|||||||0|0|PK001||0|JEWEL_GIFT|0|1|||0||0||0|
200|20|PK002|Packaging Item|Branch Planning Template Description||DISADMIN|4|EA|ZZZZZ|ZZZ|||C01|0|2|2|1|1|1|1|1|EA|0|0|0|0|0|0|Y2|Y2Y20|Y2Y20Y30|Y2Y20Y30Y40|Y2Y20Y30Y40Y500|Y2|Y20|Y30|Y40|Y500||0|||||0|0|||0|0|||||3|EA|0|2|2|0||0|||0|||DI1|0|1|0|TAX|GE020|1|PK001|1|Y60001|0.35|1|USD|20260420|100|EA|1|USD|20230720|||Y1|||0|2|2|0|0|0|EA|1|EA|0||||||||||||||||||0|0|||0|0|0|||||0|0|0|0|0|0|0|0|0|0|0|0|||||0|0|0|0||0|0||||0|0|0|0|0|0|0|0||0||0||0|0|0|||0||0|0|0|0|0|0|0|0|0|KEYCHAIN3|0|0|0|0|0|0|20260420|164022|20260420|2|ERICP01|1776703222647|0|00||0|0|EA|EA|1|1|1|0||0|||||||0|0|PK002||0|JEWEL_GIFT|0|1|||0||0||0|
200|20|PLAQUE01|PLAQUE - CONFIG ENGRAVE ONLY|PLAQUE - CONFIG W ENGRAVE ONLY||WBOLIN01|4|EA|GE060|GE06D|||J01|0|1|2|1|1|1|1|1|EA|0|0|0|0|0|0|Y2|Y2Y20|Y2Y20Y30|Y2Y20Y30Y40|Y2Y20Y30Y40Y500|Y2|Y20|Y30|Y40|Y500||0|||||0|0|||0|0|||||3|EA|0|2|2|0||0|||0|||DI1|0|1|0|TAX|GE020|1|KEYCHAIN2|1|Y60001|0.35|1|USD|20260420|100|EA|1|USD|20230720|||Y1|||0|2|2|0|0|0|EA|1|EA|0||||||||||||||||||0|0|||0|0|0|||||0|0|0|0|0|0|0|0|0|0|0|0|||||0|0|0|0||0|0||||0|0|0|0|0|0|0|0||0||0||0|0|0|||0||0|0|0|0|0|0|0|0|0|KEYCHAIN3|0|0|0|0|0|0|20260421|202051|20260421|2|WBOLIN01|1776802895536|0|00||0|0|EA|EA|1|1|1|0||0|||||||0|0|PLAQUE01||0|JEWEL_GIFT|0|1|||0||0||0|
200|20|PLAQUE01001|PLAQUE - CONFIG ENGRAVE ONLY|CONFIGURABLE NO||WBOLIN01|4|EA|GE060|GE06D|||J01|0|1|3|1|1|1|1|1|EA|0|0|0|0|0|0|Y2|Y2Y20|Y2Y20Y30|Y2Y20Y30Y40|Y2Y20Y30Y40Y500|Y2|Y20|Y30|Y40|Y500||0|||||0|0|||0|0|||||3|EA|0|2|2|0||0|||0|||DI1|0|1|0|TAX|GE020|1|PLAQUE01|1|Y60001|0.35|1|USD|20260420|100|EA|1|USD|20230720|||Y1|||0|2|2|0|0|0|EA|1|EA|0||||||||||||||||||0|0|||0|0|0|||||0|0|0|0|0|0|0|0|0|0|0|0|||||0|0|0|0||0|0||||0|0|0|0|0|0|0|0||0||0||0|0|0|||0||0|0|0|0|0|0|0|0|0|PLAQUE01|0|0|0|0|0|0|20260421|202451|20260421|1|WBOLIN01|1776803092033|0|00||0|0|EA|EA|1|1|1|0||0|||||||0|0|PLAQUE01001||0|JEWEL_GIFT|0|1|||0||0||0|
200|20|PM7515064GE|85/15 BRASS .064|85/15 BRASS .064||DISADMIN|4|OZ|ZZZZZ|ZZZ|||C01|0|2|3|1|1|1|1|1|OZ|0|0|0|0|0|0|Y2|Y2Y20|Y2Y20Y30|Y2Y20Y30Y40|Y2Y20Y30Y40Y500|Y2|Y20|Y30|Y40|Y500||0|||||0|0|||0|0|||||3|OZ|0|2|2|0||0|||0|||D1P|0|1|0|TAX|GE020|1|FL010080X300|1|Y60001|0.35|1|USD|20260420|100|OZ|1|USD|20230720|||Y1|||0|2|2|0|0|0|OZ|1|OZ|0||||||||||||||||||0|0|||0|0|0|||||0|0|0|0|0|0|0|0|0|0|0|0|||||0|0|0|0||0|0||||0|0|0|0|0|0|0|0||0||0||0|0|0|||0||0|0|0|0|0|0|0|0|0|PLAQUE01|0|0|0|0|0|0|20260420|164022|20260420|1|ERICP01|1776703222668|0|00||0|0|OZ|OZ|1|1|1|0||0|||||||0|0|PM7515064GE||0|JEWEL_GIFT|0|1|||0||0||0|
200|20|SCP010MV|SCRAP 10Y MORVILLO|SCRAP 10Y MORVILLO||DISADMIN|4|DWT|ZZZZZ|ZZZ|||C01|0|2|3|1|1|1|1|1|DWT|0|0|0|0|0|0|Y2|Y2Y20|Y2Y20Y30|Y2Y20Y30Y40|Y2Y20Y30Y40Y500|Y2|Y20|Y30|Y40|Y500||0|||||0|0|||0|0|||||3|DWT|0|2|2|0||0|||0|||D1P|0|1|0|TAX|GE020|1|GR01WWR|1|Y60001|0.35|1|USD|20260420|100|DWT|1|USD|20230720|||Y1|||0|2|2|0|0|0|DWT|1|DWT|0||||||||||||||||||0|0|||0|0|0|||||0|0|0|0|0|0|0|0|0|0|0|0|||||0|0|0|0||0|0||||0|0|0|0|0|0|0|0||0||0||0|0|0|||0||0|0|0|0|0|0|0|0|0|PLAQUE01|0|0|0|0|0|0|20260420|164022|20260420|1|WBOLIN01|1776714483243|0|00||0|0|DWT|DWT|1|1|1|0||0|||||||0|0|SCP010MV||0|JEWEL_GIFT|0|1|||0||0||0|
200|20|SCP01WMV|SCRAP 10W MORVILLO|SCRAP 10W MORVILLO||DISADMIN|4|DWT|ZZZZZ|ZZZ|||C01|0|2|3|1|1|1|1|1|DWT|0|0|0|0|0|0|Y2|Y2Y20|Y2Y20Y30|Y2Y20Y30Y40|Y2Y20Y30Y40Y500|Y2|Y20|Y30|Y40|Y500||0|||||0|0|||0|0|||||3|DWT|0|2|2|0||0|||0|||D1P|0|1|0|TAX|GE020|1|SCP010MV|1|Y60001|0.35|1|USD|20260420|100|DWT|1|USD|20230720|||Y1|||0|2|2|0|0|0|DWT|1|DWT|0||||||||||||||||||0|0|||0|0|0|||||0|0|0|0|0|0|0|0|0|0|0|0|||||0|0|0|0||0|0||||0|0|0|0|0|0|0|0||0||0||0|0|0|||0||0|0|0|0|0|0|0|0|0|PLAQUE01|0|0|0|0|0|0|20260420|164022|20260420|1|WBOLIN01|1776714496521|0|00||0|0|DWT|DWT|1|1|1|0||0|||||||0|0|SCP01WMV||0|JEWEL_GIFT|0|1|||0||0||0|
200|20|SCP0BR|SCRAP BR MORVILLO|SCRAP BR MORVILLO||DISADMIN|4|DWT|ZZZZZ|ZZZ|||C01|0|2|3|1|1|1|1|1|DWT|0|0|0|0|0|0|Y2|Y2Y20|Y2Y20Y30|Y2Y20Y30Y40|Y2Y20Y30Y40Y500|Y2|Y20|Y30|Y40|Y500||0|||||0|0|||0|0|||||3|DWT|0|2|2|0||0|||0|||D1P|0|1|0|TAX|GE020|1|SCP0GF|1|Y60001|0.35|1|USD|20260420|100|DWT|1|USD|20230720|||Y1|||0|2|2|0|0|0|DWT|1|DWT|0||||||||||||||||||0|0|||0|0|0|||||0|0|0|0|0|0|0|0|0|0|0|0|||||0|0|0|0||0|0||||0|0|0|0|0|0|0|0||0||0||0|0|0|||0||0|0|0|0|0|0|0|0|0|PLAQUE01|0|0|0|0|0|0|20260427|200104|20260427|2|WBOLIN01|1777320087201|0|00||0|0|DWT|DWT|1|1|1|0||0|||||||0|0|SCP0BR||0|JEWEL_GIFT|0|1|||0||0||0|
200|20|SCP0GF|SCRAP GFY MORVILLO|SCRAP GFY MORVILLO||DISADMIN|4|DWT|ZZZZZ|ZZZ|||C01|0|2|3|1|1|1|1|1|DWT|0|0|0|0|0|0|Y2|Y2Y20|Y2Y20Y30|Y2Y20Y30Y40|Y2Y20Y30Y40Y500|Y2|Y20|Y30|Y40|Y500||0|||||0|0|||0|0|||||3|DWT|0|2|2|0||0|||0|||D1P|0|1|0|TAX|GE020|1|SCP0GFMV|1|Y60001|0.35|1|USD|20260420|100|DWT|1|USD|20230720|||Y1|||0|2|2|0|0|0|DWT|1|DWT|0||||||||||||||||||0|0|||0|0|0|||||0|0|0|0|0|0|0|0|0|0|0|0|||||0|0|0|0||0|0||||0|0|0|0|0|0|0|0||0||0||0|0|0|||0||0|0|0|0|0|0|0|0|0|PLAQUE01|0|0|0|0|0|0|20260420|164022|20260420|1|WBOLIN01|1776714498487|0|00||0|0|DWT|DWT|1|1|1|0||0|||||||0|0|SCP0GF||0|JEWEL_GIFT|0|1|||0||0||0|
200|20|SCP0GFMV|SCRAP GFY MORVILLO|SCRAP GFY MORVILLO||DISADMIN|4|DWT|C2020|ZZZ|||C01|0|2|3|1|1|1|1|1|DWT|0|0|0|0|0|0|Y2|Y2Y20|Y2Y20Y30|Y2Y20Y30Y40|Y2Y20Y30Y40Y500|Y2|Y20|Y30|Y40|Y500||0|||||0|0|||0|0|||||3|DWT|0|2|2|0||0|||0|||D1P|0|1|0|TAX|GE020|1|SCP010MV|1|Y60001|0.35|1|USD|20260420|100|DWT|1|USD|20230720|||Y1|||0|2|2|0|0|0|DWT|1|DWT|0||||||||||||||||||0|0|||0|0|0|||||0|0|0|0|0|0|0|0|0|0|0|0|||||0|0|0|0||0|0||||0|0|0|0|0|0|0|0||0||0||0|0|0|||0||0|0|0|0|0|0|0|0|0|PLAQUE01|0|0|0|0|0|0|20260420|164022|20260421|2|ATHARH01|1776807338296|0|00||0|0|DWT|DWT|1|1|1|0||0|||||||0|0|SCP0GFMV||0|JEWEL_GIFT|0|1|||0||0||0|
200|20|SCP0SSMV|SCRAP STERL MORVILLO|SCRAP STERL MORVILLO||DISADMIN|4|DWT|ZZZZZ|ZZZ|||C01|0|2|3|1|1|1|1|1|DWT|0|0|0|0|0|0|Y2|Y2Y20|Y2Y20Y30|Y2Y20Y30Y40|Y2Y20Y30Y40Y500|Y2|Y20|Y30|Y40|Y500||0|||||0|0|||0|0|||||3|DWT|0|2|2|0||0|||0|||D1P|0|1|0|TAX|GE020|1|SCP01WMV|1|Y60001|0.35|1|USD|20260420|100|DWT|1|USD|20230720|||Y1|||0|2|2|0|0|0|DWT|1|DWT|0||||||||||||||||||0|0|||0|0|0|||||0|0|0|0|0|0|0|0|0|0|0|0|||||0|0|0|0||0|0||||0|0|0|0|0|0|0|0||0||0||0|0|0|||0||0|0|0|0|0|0|0|0|0|PLAQUE01|0|0|0|0|0|0|20260420|164022|20260420|1|WBOLIN01|1776714501464|0|00||0|0|DWT|DWT|1|1|1|0||0|||||||0|0|SCP0SSMV||0|JEWEL_GIFT|0|1|||0||0||0|
200|20|SCP0SSWR|SCRAP SS MORVILLO|SCRAP SS MORVILLO||DISADMIN|4|DWT|ZZZZZ|ZZZ|||C01|0|2|3|1|1|1|1|1|DWT|0|0|0|0|0|0|Y2|Y2Y20|Y2Y20Y30|Y2Y20Y30Y40|Y2Y20Y30Y40Y500|Y2|Y20|Y30|Y40|Y500||0|||||0|0|||0|0|||||3|DWT|0|2|2|0||0|||0|||D1P|0|1|0|TAX|GE020|1|SCP010MV|1|Y60001|0.35|1|USD|20260420|100|DWT|1|USD|20230720|||Y1|||0|2|2|0|0|0|DWT|1|DWT|0||||||||||||||||||0|0|||0|0|0|||||0|0|0|0|0|0|0|0|0|0|0|0|||||0|0|0|0||0|0||||0|0|0|0|0|0|0|0||0||0||0|0|0|||0||0|0|0|0|0|0|0|0|0|PLAQUE01|0|0|0|0|0|0|20260420|164022|20260420|1|WBOLIN01|1776714502644|0|00||0|0|DWT|DWT|1|1|1|0||0|||||||0|0|SCP0SSWR||0|JEWEL_GIFT|0|1|||0||0||0|
200|20|SETTIFF14W17M2P|2 PT TIFFANY 1.7MM 2 PT 4 PRON|2 PT TIFFANY 1.7MM 2 PT 4 PRONG OPEN BACK||DISADMIN|4|EA|ZZZZZ|ZZZ|||C01|0|2|3|1|1|1|1|1|EA|0|0|0|0|0|0|Y2|Y2Y20|Y2Y20Y30|Y2Y20Y30Y40|Y2Y20Y30Y40Y500|Y2|Y20|Y30|Y40|Y500||0|||||0|0|||0|0|||||3|EA|0|2|2|0||0|||0|||D1P|0|1|0|TAX|GE020|1|PEGNS6903X330|1|Y60001|0.35|1|USD|20260420|100|EA|1|USD|20230720|||Y1|||0|2|2|0|0|0|EA|1|EA|0||||||||||||||||||0|0|||0|0|0|||||0|0|0|0|0|0|0|0|0|0|0|0|||||0|0|0|0||0|0||||0|0|0|0|0|0|0|0||0||0||0|0|0|||0||0|0|0|0|0|0|0|0|0|PLAQUE01|0|0|0|0|0|0|20260420|164022|20260420|1|ERICP01|1776703222797|0|00||0|0|EA|EA|1|1|1|0||0|||||||0|0|SETTIFF14W17M2P||0|JEWEL_GIFT|0|1|||0||0||0|
200|20|SKNOB0GP|SKNOB0GP|SKNOB0GP||DISADMIN|4|EA|C3010|ZZZ|||C01|0|2|3|1|1|1|1|1|EA|0|0|0|0|0|0|Y2|Y2Y20|Y2Y20Y30|Y2Y20Y30Y40|Y2Y20Y30Y40Y500|Y2|Y20|Y30|Y40|Y500||0|||||0|0|||0|0|||||3|EA|0|2|2|0||0|||0|||D1P|0|1|0|TAX|GE020|1|CRS00000|1|Y60001|0.22|1|USD|20260420|100|EA|1|USD|20230720|||Y1|||0|2|2|0|0|0|EA|1|EA|0||||||||||||||||||0|0|||0|0|0|||||0|0|0|0|0|0|0|0|0|0|0|0|||||0|0|0|0||0|0||||0|0|0|0|0|0|0|0||0||0||0|0|0|||0||0|0|0|0|0|0|0|0|0|PLAQUE01|0|0|0|0|0|0|20260420|164022|20260420|2|ATHARH01|1776718688729|0|00||0|0|EA|EA|1|1|1|0||0|||||||0|0|SKNOB0GP||0|JEWEL_GIFT|0|1|||0||0||0|
200|20|SKNOB0NP|SKNOB0NP|SKNOB0NP||DISADMIN|4|EA|ZZZZZ|ZZZ|||C01|0|2|3|1|1|1|1|1|EA|0|0|0|0|0|0|Y2|Y2Y20|Y2Y20Y30|Y2Y20Y30Y40|Y2Y20Y30Y40Y500|Y2|Y20|Y30|Y40|Y500||0|||||0|0|||0|0|||||3|EA|0|2|2|0||0|||0|||D1P|0|1|0|TAX|GE020|1|SKNOB0GP|1|Y60001|0.22|1|USD|20260420|100|EA|1|USD|20230720|||Y1|||0|2|2|0|0|0|EA|1|EA|0||||||||||||||||||0|0|||0|0|0|||||0|0|0|0|0|0|0|0|0|0|0|0|||||0|0|0|0||0|0||||0|0|0|0|0|0|0|0||0||0||0|0|0|||0||0|0|0|0|0|0|0|0|0|PLAQUE01|0|0|0|0|0|0|20260420|164437|20260420|2|ERICP01|1776703477038|0|00||0|0|EA|EA|1|1|1|0||0|||||||0|0|SKNOB0NP||0|JEWEL_GIFT|0|1|||0||0||0|
200|20|SWGPSNS0304X375|SWGPSNS0304X375|SWGPSNS0304X375||DISADMIN|4|EA|ZZZZZ|ZZZ|||C01|0|2|3|1|1|1|1|1|EA|0|0|0|0|0|0|Y2|Y2Y20|Y2Y20Y30|Y2Y20Y30Y40|Y2Y20Y30Y40Y500|Y2|Y20|Y30|Y40|Y500||0|||||0|0|||0|0|||||3|EA|0|2|2|0||0|||0|||D1P|0|1|0|TAX|GE020|1|WIRERIVNS016040|1|Y60001|20|1|USD|20251121|100|EA|1|USD|20230720|||Y1|||0|2|2|0|0|0|EA|1|EA|0||||||||||||||||||0|0|||0|0|0|||||0|0|0|0|0|0|0|0|0|0|0|0|||||0|0|0|0||0|0||||0|0|0|0|0|0|0|0||0||0||0|0|0|||0||0|0|0|0|0|0|0|0|0|PLAQUE01|0|0|0|0|0|0|20260325|195423|20260325|2|WBOLIN01|1776701928587|0|00||0|0|EA|EA|1|1|1|0||0|||||||0|0|SWGPSNS0304X375||0|JEWEL_GIFT|0|1|||0||0||0|
200|20|WIRERIVNS016040|WIRE 60-40-40/R F160407|WIRERIVNS0160407||DISADMIN|4|EA|C1020|ZZZ|||C01|0|2|3|1|1|1|1|1|EA|0|0|0|0|0|0|Y2|Y2Y20|Y2Y20Y30|Y2Y20Y30Y40|Y2Y20Y30Y40Y500|Y2|Y20|Y30|Y40|Y500||0|||||0|0|||0|0|||||3|EA|0|2|2|0||0|||0|||D1P|0|1|0|TAX|GE020|1|HLOOPNS0003105|1|Y60001|1.12|1|USD|20260420|100|EA|1|USD|20230720|||Y1|||0|2|2|0|0|0|EA|2|EA|0||||||||||||||||||0|0|||0|0|0|||||0|0|0|0|0|0|0|0|0|0|0|0|||||0|0|0|0||0|0||||0|0|0|0|0|0|0|0||0||0||0|0|0|||0||0|0|0|0|0|0|0|0|0|PLAQUE01|0|0|0|0|0|0|20260420|164437|20260420|2|ATHARH01|1776718278224|0|00||0|0|EA|EA|1|1|1|0||0|||||||0|0|WIRERIVNS016040||0|JEWEL_GIFT|0|1|||0||0||0|
200|05|Z99916|Branch Planning Template Name|Branch Planning Template Description||DISADMIN|4|EA|ZZZZZ|ZZZ|||D16|0|2|3|1|1|1|1|1|EA|0|0|0|0|0|0|Y2|Y2Y20|Y2Y20Y30|Y2Y20Y30Y40|Y2Y20Y30Y40Y500|Y2|Y20|Y30|Y40|Y500||0|||||0|0|||0|0|||||3|EA|0|2|2|0||0|||0|||DI1|0|1|0|TAX|GE020|1|HLOOPNS0003105|1|Y60001|1.12|1|USD|20260420|100|EA|1|USD|20230720|||Y1|||0|2|2|0|0|0|EA|1|EA|0||||||||||||||||||0|0|||0|0|0|||||0|0|0|0|0|0|0|0|0|0|0|0|||||0|0|0|0||0|0||||0|0|0|0|0|0|0|0||0||0||0|0|0|||0||0|0|0|0|0|0|0|0|0|PLAQUE01|0|0|0|0|0|0|20260420|163611|20260420|2|ERICP01|1776702971488|0|00||0|0|EA|EA|1|1|1|0||0|||||||0|0|Z99916||0|JEWEL_GIFT|0|1|||0||0||0|
200|05|Z99999|*Purchased component item|Branch Planning Template Description||DISADMIN|4|EA|ZZZZZ|ZZZ|||D09|0|2|3|1|1|1|1|1|EA|0|0|0|0|0|0|Y2|Y2Y20|Y2Y20Y30|Y2Y20Y30Y40|Y2Y20Y30Y40Y500|Y2|Y20|Y30|Y40|Y500||0|||||0|0|||0|0|||||3|EA|0|2|2|0||0|||0|||DI1|0|1|0|TAX|GE020|1|Z99991|1|Y60001|1.12|1|USD|20260420|100|EA|1|USD|20230720|||Y1|||0|2|2|0|0|0|EA|2|EA|0||||||||||||||||||0|0|||0|0|0|||||0|0|0|0|0|0|0|0|0|0|0|0|||||0|0|0|0||0|0||||0|0|0|0|0|0|0|0||0||0||0|0|0|||0||0|0|0|0|0|0|0|0|0|PLAQUE01|0|0|0|0|0|0|20260420|163611|20260420|2|ERICP01|1776702971428|0|00||0|0|EA|EA|1|1|1|0||0|||||||0|0|Z99999||0|JEWEL_GIFT|0|1|||0||0||0|
