PersonId,FirstName,LastName,EmailId,Title,Status,FederatedId,UserGuid,User Name,Created Date,LastLogin Date,UPN,User Alias,GenericProperty_Language,GenericProperty_LanguageOrigin,GenericProperty_Locale,GenericProperty_LocaleOrigin,GenericProperty_ApplicationTimezone,GenericProperty_Timezone,GenericProperty_TimezoneOrigin,SecurityRole1,SecurityRole2,SecurityRole3,SecurityRole4,SecurityRole5,SecurityRole6,SecurityRole7,SecurityRole8,SecurityRole9,SecurityRole10,SecurityRole11,SecurityRole12,SecurityRole13,SecurityRole14,SecurityRole15,SecurityRole16,SecurityRole17,SecurityRole18,SecurityRole19,SecurityRole20,SecurityRole21,SecurityRole22,SecurityRole23,SecurityRole24,SecurityRole25,SecurityRole26,SecurityRole27,SecurityRole28,SecurityRole29,SecurityRole30,SecurityRole31,SecurityRole32,SecurityRole33,SecurityRole34,SecurityRole35,SecurityRole36,SecurityRole37,SecurityRole38,SecurityRole39,SecurityRole40,SecurityRole41,SecurityRole42,SecurityRole43,SecurityRole44,SecurityRole45,SecurityRole46,SecurityRole47,SecurityRole48,SecurityRole49,SecurityRole50,SecurityRole51,SecurityRole52,SecurityRole53,SecurityRole54,SecurityRole55,SecurityRole56,SecurityRole57,SecurityRole58,SecurityRole59,SecurityRole60,SecurityRole61,SecurityRole62,SecurityRole63,SecurityRole64,SecurityRole65,SecurityRole66,SecurityRole67,SecurityRole68,SecurityRole69,SecurityRole70,SecurityRole71,SecurityRole72,SecurityRole73,SecurityRole74,SecurityRole75,SecurityRole76,SecurityRole77,SecurityRole78,SecurityRole79,SecurityRole80,SecurityRole81,SecurityRole82,SecurityRole83,SecurityRole84,SecurityRole85,SecurityRole86,SecurityRole87,SecurityRole88,SecurityRole89,SecurityRole90,SecurityRole91,SecurityRole92,SecurityRole93,SecurityRole94,SecurityRole95,SecurityRole96,SecurityRole97,SecurityRole98,SecurityRole99,SecurityRole100,SecurityRole101,SecurityRole102,SecurityRole103,SecurityRole104,SecurityRole105,SecurityRole106,SecurityRole107,SecurityRole108,SecurityRole109,SecurityRole110,SecurityRole111,SecurityRole112,SecurityRole113,SecurityRole114,SecurityRole115,SecurityRole116,SecurityRole117,SecurityRole118,SecurityRole119,SecurityRole120,SecurityRole121,SecurityRole122,SecurityRole123,SecurityRole124,SecurityRole125,SecurityRole126,SecurityRole127,SecurityRole128,SecurityRole129,SecurityRole130,SecurityRole131,SecurityRole132,SecurityRole133,SecurityRole134,SecurityRole135,SecurityRole136,SecurityRole137,SecurityRole138,SecurityRole139,SecurityRole140,SecurityRole141,SecurityRole142,SecurityRole143,SecurityRole144,SecurityRole145,SecurityRole146,SecurityRole147,SecurityRole148,SecurityRole149,SecurityRole150,SecurityRole151,SecurityRole152,SecurityRole153,SecurityRole154,SecurityRole155,SecurityRole156,SecurityRole157,SecurityRole158,SecurityRole159,SecurityRole160,SecurityRole161,SecurityRole162,SecurityRole163,SecurityRole164,SecurityRole165,SecurityRole166,SecurityRole167,SecurityRole168,SecurityRole169,SecurityRole170,SecurityRole171,SecurityRole172,SecurityRole173,SecurityRole174,SecurityRole175,SecurityRole176,SecurityRole177,SecurityRole178,SecurityRole179,SecurityRole180,SecurityRole181,SecurityRole182,SecurityRole183,SecurityRole184,SecurityRole185,SecurityRole186,SecurityRole187,SecurityRole188,SecurityRole189,SecurityRole190,SecurityRole191,SecurityRole192,SecurityRole193,SecurityRole194,SecurityRole195,SecurityRole196,SecurityRole197,SecurityRole198,SecurityRole199,SecurityRole200,SecurityRole201,SecurityRole202,SecurityRole203,SecurityRole204,SecurityRole205,SecurityRole206,SecurityRole207,SecurityRole208,SecurityRole209,SecurityRole210,SecurityRole211,SecurityRole212,SecurityRole213,SecurityRole214,SecurityRole215,SecurityRole216,SecurityRole217,SecurityRole218,SecurityRole219,SecurityRole220,SecurityRole221,SecurityRole222,SecurityRole223,SecurityRole224,SecurityRole225,SecurityRole226,SecurityRole227,SecurityRole228,SecurityRole229,SecurityRole230,SecurityRole231,SecurityRole232,SecurityRole233,SecurityRole234,SecurityRole235,SecurityRole236,SecurityRole237,SecurityRole238,SecurityRole239,SecurityRole240,SecurityRole241,SecurityRole242,SecurityRole243,SecurityRole244,SecurityRole245,SecurityRole246,SecurityRole247,SecurityRole248,SecurityRole249,SecurityRole250,SecurityRole251,SecurityRole252,SecurityRole253,SecurityRole254,SecurityRole255,SecurityRole256,SecurityRole257,SecurityRole258,SecurityRole259,SecurityRole260,SecurityRole261,SecurityRole262,SecurityRole263,SecurityRole264,SecurityRole265,SecurityRole266,SecurityRole267,SecurityRole268,SecurityRole269,SecurityRole270,SecurityRole271,SecurityRole272,SecurityRole273,SecurityRole274,SecurityRole275,SecurityRole276,SecurityRole277,SecurityRole278,SecurityRole279,SecurityRole280,SecurityRole281,SecurityRole282,SecurityRole283,SecurityRole284,SecurityRole285,SecurityRole286,SecurityRole287,SecurityRole288,SecurityRole289,SecurityRole290,SecurityRole291,SecurityRole292,SecurityRole293,SecurityRole294,SecurityRole295,SecurityRole296,SecurityRole297,SecurityRole298,SecurityRole299,SecurityRole300,SecurityRole301,SecurityRole302,SecurityRole303,SecurityRole304,SecurityRole305,SecurityRole306,SecurityRole307,SecurityRole308,SecurityRole309,SecurityRole310,SecurityRole311,SecurityRole312,SecurityRole313,SecurityRole314,SecurityRole315,SecurityRole316,SecurityRole317,SecurityRole318,SecurityRole319,SecurityRole320,SecurityRole321,SecurityRole322,SecurityRole323,SecurityRole324,SecurityRole325,SecurityRole326,SecurityRole327,SecurityRole328,SecurityRole329,SecurityRole330,SecurityRole331,SecurityRole332,SecurityRole333,SecurityRole334,SecurityRole335,SecurityRole336,SecurityRole337,SecurityRole338,SecurityRole339,SecurityRole340,SecurityRole341,SecurityRole342,SecurityRole343,SecurityRole344,SecurityRole345,SecurityRole346,SecurityRole347,SecurityRole348,SecurityRole349,SecurityRole350,SecurityRole351,SecurityRole352,SecurityRole353,SecurityRole354,SecurityRole355,SecurityRole356,SecurityRole357,SecurityRole358,SecurityRole359,SecurityRole360,SecurityRole361,SecurityRole362,SecurityRole363,SecurityRole364,SecurityRole365,SecurityRole366,SecurityRole367,SecurityRole368,SecurityRole369,SecurityRole370,SecurityRole371,SecurityRole372,SecurityRole373,SecurityRole374,SecurityRole375,SecurityRole376,SecurityRole377,SecurityRole378,SecurityRole379,SecurityRole380,SecurityRole381,SecurityRole382,SecurityRole383,SecurityRole384,SecurityRole385,SecurityRole386,SecurityRole387,SecurityRole388,SecurityRole389,SecurityRole390,SecurityRole391,SecurityRole392,SecurityRole393,SecurityRole394,SecurityRole395,SecurityRole396,SecurityRole397,SecurityRole398,SecurityRole399,SecurityRole400,SecurityRole401,SecurityRole402,SecurityRole403,SecurityRole404,SecurityRole405,SecurityRole406,SecurityRole407,SecurityRole408,SecurityRole409,SecurityRole410,SecurityRole411,SecurityRole412,SecurityRole413,SecurityRole414,SecurityRole415,SecurityRole416,SecurityRole417,SecurityRole418,SecurityRole419,SecurityRole420,SecurityRole421,SecurityRole422,SecurityRole423,SecurityRole424,SecurityRole425,SecurityRole426,SecurityRole427,SecurityRole428,SecurityRole429,SecurityRole430,SecurityRole431,SecurityRole432,SecurityRole433,SecurityRole434,SecurityRole435,SecurityRole436,SecurityRole437,SecurityRole438,SecurityRole439,SecurityRole440,SecurityRole441,SecurityRole442,SecurityRole443,SecurityRole444,SecurityRole445,SecurityRole446,SecurityRole447,SecurityRole448,SecurityRole449,SecurityRole450,SecurityRole451,SecurityRole452,SecurityRole453,SecurityRole454,SecurityRole455,SecurityRole456,SecurityRole457,SecurityRole458,SecurityRole459,SecurityRole460,SecurityRole461,SecurityRole462,SecurityRole463,SecurityRole464,SecurityRole465,SecurityRole466,SecurityRole467,SecurityRole468,SecurityRole469,SecurityRole470,SecurityRole471,SecurityRole472,SecurityRole473,SecurityRole474,SecurityRole475,SecurityRole476,SecurityRole477,SecurityRole478,SecurityRole479,SecurityRole480,SecurityRole481,SecurityRole482,SecurityRole483,SecurityRole484,SecurityRole485,SecurityRole486,SecurityRole487,SecurityRole488,SecurityRole489,SecurityRole490,SecurityRole491,SecurityRole492,SecurityRole493,SecurityRole494,SecurityRole495,SecurityRole496,SecurityRole497,SecurityRole498,SecurityRole499,SecurityRole500,SecurityRole501,SecurityRole502,SecurityRole503,SecurityRole504,SecurityRole505,SecurityRole506,SecurityRole507,SecurityRole508,SecurityRole509,SecurityRole510,SecurityRole511,SecurityRole512,SecurityRole513,SecurityRole514,SecurityRole515,SecurityRole516,SecurityRole517,SecurityRole518,SecurityRole519,SecurityRole520,SecurityRole521,SecurityRole522,SecurityRole523,SecurityRole524,SecurityRole525,SecurityRole526,SecurityRole527,SecurityRole528,SecurityRole529,SecurityRole530,SecurityRole531,SecurityRole532,SecurityRole533,SecurityRole534,SecurityRole535,SecurityRole536,SecurityRole537,SecurityRole538,SecurityRole539,SecurityRole540,SecurityRole541,SecurityRole542,SecurityRole543,SecurityRole544,SecurityRole545,SecurityRole546,SecurityRole547,SecurityRole548,SecurityRole549,SecurityRole550,SecurityRole551,SecurityRole552,SecurityRole553,SecurityRole554,SecurityRole555,SecurityRole556,SecurityRole557,SecurityRole558,SecurityRole559,SecurityRole560,SecurityRole561,SecurityRole562,SecurityRole563,SecurityRole564,SecurityRole565,SecurityRole566,SecurityRole567,SecurityRole568,SecurityRole569,SecurityRole570,SecurityRole571,SecurityRole572,SecurityRole573,SecurityRole574,SecurityRole575,SecurityRole576,SecurityRole577,SecurityRole578,SecurityRole579,SecurityRole580,SecurityRole581,SecurityRole582,SecurityRole583,SecurityRole584,SecurityRole585,SecurityRole586,SecurityRole587,SecurityRole588,SecurityRole589,SecurityRole590,SecurityRole591,SecurityRole592,SecurityRole593,SecurityRole594,SecurityRole595,SecurityRole596,SecurityRole597,SecurityRole598,SecurityRole599,SecurityRole600,SecurityRole601,SecurityRole602,SecurityRole603,SecurityRole604,SecurityRole605,SecurityRole606,SecurityRole607,SecurityRole608,SecurityRole609,SecurityRole610,SecurityRole611,SecurityRole612,SecurityRole613,SecurityRole614,SecurityRole615,SecurityRole616,SecurityRole617,SecurityRole618,SecurityRole619,SecurityRole620,SecurityRole621,SecurityRole622,SecurityRole623,SecurityRole624,SecurityRole625,SecurityRole626,SecurityRole627,SecurityRole628,SecurityRole629,SecurityRole630,SecurityRole631,SecurityRole632,SecurityRole633,SecurityRole634,SecurityRole635,SecurityRole636,SecurityRole637,SecurityRole638,SecurityRole639,SecurityRole640,SecurityRole641,SecurityAccessProfiles
PANDERSON,Pete,Anderson,peter.anderson@chcheli.com,Sr Enterprise App Manager,Active,,e1d668da-24d4-432a-b4f5-7662669817a2,peter.anderson@chcheli.com,2021-12-20T20:22:34-08:00,2026-08-17T10:31:22-07:00,peter.anderson@chcheli.com,PANDERSON,,,,,,,,UserAdmin,DataAdministrator,AttributeServiceCaller,Infor-SystemAdministrator,IFS-ExternalEntityAdmin,IFS-ReadOnlyUser,IFS-AuditReportUser,IFS-AuditAdministrator,IFS-MonitorReportUser,IFS-MonitorAdministrator,IFS-PasswordAdmin,MingleEnterprise,Infor-SuiteUser,MingleIONEnabled,MingleAdministrator,MingleDataAdministrator,PORTAL-User,PORTAL-ContentAdministrator,GRID-SystemAdministrator,GRID-Viewer,GRID-Administrator,HOMEPAGES-Administrator,HOMEPAGES-ContentAdministrator,HOMEPAGES-User,HOMEPAGES-ContentSupport,IONDeskSecurityAdmin,IONDeskAdmin,IONContentProvider,IONDeskOAuthGenerator,Mingle-LocatorView,IFSAdminContact,IONAPI-Tracing,IONAPI-User,IONAPI-Administrator,DATALAKE-User,DATALAKE-DataAdministrator,DATALAKE-SystemAdministrator,DECISIONSERVICE-Editor,DECISIONSERVICE-Approver,INBOX-PowerUser,SmartHelpUser,IDM-User,IDM-AdvancedUser,IDM-Administrator,IDM-SuperUser,IDM-RelatedInformationUser,IDM-SignatureUser,GDPR-Collaboration-ChiefDataProtectionOfficer,GDPR-Collaboration-DataProtectionOfficer,GDPR-App-Administrator,DATAFABRIC-SuperAdmin,DATAFABRIC-User,ENTERPRISESEARCH-Admin,ENTERPRISESEARCH-User,ENTERPRISESEARCH-PowerUser,M3EC-Administrator,M3EC-User,M3EC-ClientDesigntime,M3-DLSubscriptionAdmin,M3BE-FATAdmin-Exporter,M3UI-StartPageAdministrator,M3UI-DebugUser,M3UI-Administrator,M3UI-USER,M3UI-Designer,M3BDP-Administrator,M3BDP-USER,MASHUP-Administrator,MASHUP-User,IECEC-Administrator,IECEC-User,M3BE-FATAdmin,M3BE-FndAdmin,M3BE-FndUser,M3BE-ServicesAdmin,M3BE-CryptoAdmin,M3BE-ExtensionsAdmin,M3BE-ExtensionsViewer,M3BE-DBViewer,M3BE-DBAdmin,M3BE-FndFlagAdmin,M3BE-FileViewer,M3BE-FileAdmin,M3BE-ConfigAdmin,M3BE-ConfigUser,M3BE-LogEnabler,M3BE-SystemAdministrator,M3BE-DBAdmin-ReadToken,EVENTHUB-Administrator,EVENTHUB-User,M3MDP-USER,M3CE_About_Viewer,M3ENTERPRISESEARCH-Administrator,IPW-User,Birst-SystemAdministrator,Birst-User,MONGOOSE-UG-CoreFormsAdmin,MONGOOSE-UG-CoreFormsDeveloper,MONGOOSE-UG-CoreFormsEndUser,MONGOOSE-UG-CoreIDOs,MONGOOSE-LM-MGCoreAutomation,MONGOOSE-LM-MGCoreTrans,MONGOOSE-LM-MGDataViews,MONGOOSE-LM-MGDeveloper,MONGOOSE-LM-MGUserCreatedForms,MONGOOSE-LM-MGUserCreatedIDOs,MONGOOSE-LM-MGPAAS,MONGOOSE-LM-MGM3InterfaceForms,MONGOOSE-LM-MGM3InterfaceIDOs,MONGOOSE-LM-MGAppBuilder,APPBUILDER-Administrator,APPBUILDER-User,APPBUILDER-Designer,LCLLSP-User,LCLLSP-Admin,LCLLSP-PrivilegedUser,LCLLSP-ServiceAdmin,LCLLSP-AppAdmin,LCLLSP-SupAdmin,LCLLSP-StdAdmin,LCLLSP-StdUser,M3A Administrators,M3A Developers,M3A SALES,M3A Procurement,M3A Finance,M3A Production,M3A RENTAL,M3ADISBIRST-Model-Administrator,M3ADISBIRST-Extension-Administrator,M3ADISBIRST-Consumer-Administrator,M3ADISBIRST-User,M3A Warehouse,M3A Default Subject Area,IFSApplicationAdmin,IFS-ShowUserManagementUI,IFS-GroupsAdmin,IFS-GroupsUpdate,IFS-GroupsReadOnlyUser,IFS-ReadOnly,M3MDP-TESTAPI,INBOX-Admin,M3DMP-Contributor,M3UI-Approver,M3A Opportunity Management,IONAPI-Developer,M3CPW-User,IAD-DataMaintainer,IAD-Designer,IAD-Publisher,IAD-TemplateBuilder,M3ACM-User,M3ACM-Viewer,IPI-ModelerAdmin,IPI-ModelerViewer,IPI-ModelerDesigner,PORTAL-ContentPublisher,M3BE-PowerUser,M3BE-LicenseType1,M3BE-LicenseType2,M3BE-LicenseType3,M3BE-LicenseType6-FT,M3BE-LicenseType6-SHUB,M3HealthService-Administrator,IONAPI-BaaS-Administrator,IONAPI-BaaS-DataAdministrator,IONAPI-BaaS-Developer,IONAPI-BaaS-User,M3BE-DBUpdater,DATAFABRIC-HealthServiceAdmin,PORTAL-AnnouncementAdministrator,M3BE-DBAdmin-PrdToken,M3BE-LicenseType4,SMARTHELP-Administrator,DocBits-User,M3BE-FATAdmin-PRD-UpperLimitRuleToken,M3BE-FATAdmin-DeleteData,M3BE-FATAdmin-PRD-DeleteDataToken,M3BE-FATAdmin-PRD-ConfigureUpperLimit,SRAPS111CLRW,IHS-User,IHS-Administrator,,,,,,,,,,,,,,,,,,,,,,,,,,,,,,,,,,,,,,,,,,,,,,,,,,,,,,,,,,,,,,,,,,,,,,,,,,,,,,,,,,,,,,,,,,,,,,,,,,,,,,,,,,,,,,,,,,,,,,,,,,,,,,,,,,,,,,,,,,,,,,,,,,,,,,,,,,,,,,,,,,,,,,,,,,,,,,,,,,,,,,,,,,,,,,,,,,,,,,,,,,,,,,,,,,,,,,,,,,,,,,,,,,,,,,,,,,,,,,,,,,,,,,,,,,,,,,,,,,,,,,,,,,,,,,,,,,,,,,,,,,,,,,,,,,,,,,,,,,,,,,,,,,,,,,,,,,,,,,,,,,,,,,,,,,,,,,,,,,,,,,,,,,,,,,,,,,,,,,,,,,,,,,,,,,,,,,,,,,,,,,,,,,,,,,,,,,,,,,,,,,,,,,,,,,,,,,,,,,,,,,,,,,,,,,,,,,,,,,,,,,,,,,,,,,,,,,,,,,,,
MKIM,Minsoo,Kim,minsoo.kim@chcheli.com,Systems Support Analyst,Active,,28466697-a57c-4cea-aede-96228f9d8039,minsoo.kim@chcheli.com,2023-08-25T08:38:15-07:00,2026-08-17T09:38:06-07:00,minsoo.kim@chcheli.com,MKIM,,,,,,,,UserAdmin,DataAdministrator,AttributeServiceCaller,Infor-SystemAdministrator,IFS-ExternalEntityAdmin,IFS-ReadOnlyUser,IFS-AuditReportUser,IFS-AuditAdministrator,IFS-MonitorReportUser,IFS-MonitorAdministrator,IFS-PasswordAdmin,MingleEnterprise,Infor-SuiteUser,MingleIONEnabled,MingleAdministrator,MingleDataAdministrator,PORTAL-User,PORTAL-ContentAdministrator,GRID-SystemAdministrator,GRID-Viewer,GRID-Administrator,HOMEPAGES-Administrator,HOMEPAGES-ContentAdministrator,HOMEPAGES-User,HOMEPAGES-ContentSupport,IONDeskSecurityAdmin,IONDeskAdmin,IONContentProvider,IONDeskOAuthGenerator,Mingle-LocatorView,IFSAdminContact,IONAPI-Tracing,IONAPI-User,IONAPI-Administrator,DATALAKE-User,DATALAKE-DataAdministrator,DATALAKE-SystemAdministrator,DECISIONSERVICE-Editor,DECISIONSERVICE-Approver,INBOX-PowerUser,SmartHelpUser,IDM-User,IDM-AdvancedUser,IDM-Administrator,IDM-SuperUser,IDM-RelatedInformationUser,IDM-SignatureUser,GDPR-Collaboration-ChiefDataProtectionOfficer,GDPR-Collaboration-DataProtectionOfficer,GDPR-App-Administrator,DATAFABRIC-SuperAdmin,DATAFABRIC-User,ENTERPRISESEARCH-Admin,ENTERPRISESEARCH-User,ENTERPRISESEARCH-PowerUser,M3EC-Administrator,M3EC-User,M3EC-ClientDesigntime,M3-DLSubscriptionAdmin,M3BE-FATAdmin-Exporter,M3UI-StartPageAdministrator,M3UI-DebugUser,M3UI-Administrator,M3UI-USER,M3UI-Designer,M3BDP-Administrator,M3BDP-USER,MASHUP-Administrator,MASHUP-User,IECEC-Administrator,IECEC-User,M3BE-FATAdmin,M3BE-FndAdmin,M3BE-FndUser,M3BE-ServicesAdmin,M3BE-CryptoAdmin,M3BE-ExtensionsAdmin,M3BE-ExtensionsViewer,M3BE-DBViewer,M3BE-DBAdmin,M3BE-FndFlagAdmin,M3BE-FileViewer,M3BE-FileAdmin,M3BE-ConfigAdmin,M3BE-ConfigUser,M3BE-LogEnabler,M3BE-SystemAdministrator,M3BE-DBAdmin-ReadToken,EVENTHUB-Administrator,EVENTHUB-User,M3MDP-USER,M3CE_About_Viewer,M3ENTERPRISESEARCH-Administrator,IPW-User,Birst-SystemAdministrator,Birst-User,MONGOOSE-UG-CoreFormsAdmin,MONGOOSE-UG-CoreFormsDeveloper,MONGOOSE-UG-CoreFormsEndUser,MONGOOSE-UG-CoreIDOs,MONGOOSE-LM-MGCoreAutomation,MONGOOSE-LM-MGCoreTrans,MONGOOSE-LM-MGDataViews,MONGOOSE-LM-MGDeveloper,MONGOOSE-LM-MGUserCreatedForms,MONGOOSE-LM-MGUserCreatedIDOs,MONGOOSE-LM-MGPAAS,MONGOOSE-LM-MGM3InterfaceForms,MONGOOSE-LM-MGM3InterfaceIDOs,MONGOOSE-LM-MGAppBuilder,APPBUILDER-Administrator,APPBUILDER-User,APPBUILDER-Designer,LCLLSP-User,LCLLSP-Admin,LCLLSP-PrivilegedUser,LCLLSP-ServiceAdmin,LCLLSP-AppAdmin,LCLLSP-SupAdmin,LCLLSP-StdAdmin,LCLLSP-StdUser,M3A Administrators,M3A Developers,M3A SALES,M3A Procurement,M3A Finance,M3A Production,M3A RENTAL,M3ADISBIRST-Model-Administrator,M3ADISBIRST-Extension-Administrator,M3ADISBIRST-Consumer-Administrator,M3ADISBIRST-User,M3A Warehouse,M3A Default Subject Area,IFSApplicationAdmin,IFS-ShowUserManagementUI,IFS-GroupsAdmin,IFS-GroupsUpdate,IFS-GroupsReadOnlyUser,IFS-ReadOnly,M3MDP-TESTAPI,INBOX-Admin,M3DMP-Contributor,M3UI-Approver,M3A Opportunity Management,IONAPI-Developer,M3CPW-User,IAD-DataMaintainer,IAD-Designer,IAD-Publisher,IAD-TemplateBuilder,M3ACM-User,M3ACM-Viewer,IPI-ModelerAdmin,IPI-ModelerViewer,IPI-ModelerDesigner,PORTAL-ContentPublisher,M3BE-PowerUser,M3BE-LicenseType1,M3BE-LicenseType2,M3BE-LicenseType3,M3BE-LicenseType6-FT,M3BE-LicenseType6-SHUB,M3HealthService-Administrator,IONAPI-BaaS-Administrator,IONAPI-BaaS-DataAdministrator,IONAPI-BaaS-Developer,IONAPI-BaaS-User,M3BE-DBUpdater,DATAFABRIC-HealthServiceAdmin,PORTAL-AnnouncementAdministrator,M3BE-DBAdmin-PrdToken,M3BE-LicenseType4,SMARTHELP-Administrator,DocBits-User,M3BE-FATAdmin-PRD-UpperLimitRuleToken,M3BE-FATAdmin-DeleteData,M3BE-FATAdmin-PRD-DeleteDataToken,M3BE-FATAdmin-PRD-ConfigureUpperLimit,,,,,,,,,,,,,,,,,,,,,,,,,,,,,,,,,,,,,,,,,,,,,,,,,,,,,,,,,,,,,,,,,,,,,,,,,,,,,,,,,,,,,,,,,,,,,,,,,,,,,,,,,,,,,,,,,,,,,,,,,,,,,,,,,,,,,,,,,,,,,,,,,,,,,,,,,,,,,,,,,,,,,,,,,,,,,,,,,,,,,,,,,,,,,,,,,,,,,,,,,,,,,,,,,,,,,,,,,,,,,,,,,,,,,,,,,,,,,,,,,,,,,,,,,,,,,,,,,,,,,,,,,,,,,,,,,,,,,,,,,,,,,,,,,,,,,,,,,,,,,,,,,,,,,,,,,,,,,,,,,,,,,,,,,,,,,,,,,,,,,,,,,,,,,,,,,,,,,,,,,,,,,,,,,,,,,,,,,,,,,,,,,,,,,,,,,,,,,,,,,,,,,,,,,,,,,,,,,,,,,,,,,,,,,,,,,,,,,,,,,,,,,,,,,,,,,,,,,,,,,,,
WROWLES,Winter Lain,Rowles,winter.rowles@chcheli.com,IT Developer,Active,,a8abe1ac-da1c-4222-aa0e-18c19f289d07,winter.rowles@chcheli.com,2023-08-25T08:39:25-07:00,2026-08-17T14:44:00-07:00,winter.rowles@chcheli.com,WROWLES,en-US,system,en-US,system,America/Los_Angeles,Pacific Standard Time,setting,UserAdmin,DataAdministrator,AttributeServiceCaller,Infor-SystemAdministrator,IFS-ExternalEntityAdmin,IFS-ReadOnlyUser,IFS-AuditReportUser,IFS-AuditAdministrator,IFS-MonitorReportUser,IFS-MonitorAdministrator,IFS-PasswordAdmin,MingleEnterprise,Infor-SuiteUser,MingleIONEnabled,MingleAdministrator,MingleDataAdministrator,PORTAL-User,PORTAL-ContentAdministrator,GRID-SystemAdministrator,GRID-Viewer,GRID-Administrator,HOMEPAGES-Administrator,HOMEPAGES-ContentAdministrator,HOMEPAGES-User,HOMEPAGES-ContentSupport,IONDeskSecurityAdmin,IONDeskAdmin,IONContentProvider,IONDeskOAuthGenerator,Mingle-LocatorView,IFSAdminContact,IONAPI-Tracing,IONAPI-User,IONAPI-Administrator,DATALAKE-User,DATALAKE-DataAdministrator,DATALAKE-SystemAdministrator,DECISIONSERVICE-Editor,DECISIONSERVICE-Approver,INBOX-PowerUser,SmartHelpUser,IDM-User,IDM-AdvancedUser,IDM-Administrator,IDM-SuperUser,IDM-RelatedInformationUser,IDM-SignatureUser,GDPR-Collaboration-ChiefDataProtectionOfficer,GDPR-Collaboration-DataProtectionOfficer,GDPR-App-Administrator,DATAFABRIC-SuperAdmin,DATAFABRIC-User,ENTERPRISESEARCH-Admin,ENTERPRISESEARCH-User,ENTERPRISESEARCH-PowerUser,M3EC-Administrator,M3EC-User,M3EC-ClientDesigntime,M3-DLSubscriptionAdmin,M3BE-FATAdmin-Exporter,M3UI-StartPageAdministrator,M3UI-DebugUser,M3UI-Administrator,M3UI-USER,M3UI-Designer,M3BDP-Administrator,M3BDP-USER,MASHUP-Administrator,MASHUP-User,IECEC-Administrator,IECEC-User,M3BE-FATAdmin,M3BE-FndAdmin,M3BE-FndUser,M3BE-ServicesAdmin,M3BE-CryptoAdmin,M3BE-ExtensionsAdmin,M3BE-ExtensionsViewer,M3BE-DBViewer,M3BE-DBAdmin,M3BE-FndFlagAdmin,M3BE-FileViewer,M3BE-FileAdmin,M3BE-ConfigAdmin,M3BE-ConfigUser,M3BE-LogEnabler,M3BE-SystemAdministrator,M3BE-DBAdmin-ReadToken,EVENTHUB-Administrator,EVENTHUB-User,M3MDP-USER,M3CE_About_Viewer,M3ENTERPRISESEARCH-Administrator,IPW-User,Birst-SystemAdministrator,Birst-User,MONGOOSE-UG-CoreFormsAdmin,MONGOOSE-UG-CoreFormsDeveloper,MONGOOSE-UG-CoreFormsEndUser,MONGOOSE-UG-CoreIDOs,MONGOOSE-LM-MGCoreAutomation,MONGOOSE-LM-MGCoreTrans,MONGOOSE-LM-MGDataViews,MONGOOSE-LM-MGDeveloper,MONGOOSE-LM-MGUserCreatedForms,MONGOOSE-LM-MGUserCreatedIDOs,MONGOOSE-LM-MGPAAS,MONGOOSE-LM-MGM3InterfaceForms,MONGOOSE-LM-MGM3InterfaceIDOs,MONGOOSE-LM-MGAppBuilder,APPBUILDER-Administrator,APPBUILDER-User,APPBUILDER-Designer,LCLLSP-User,LCLLSP-Admin,LCLLSP-PrivilegedUser,LCLLSP-ServiceAdmin,LCLLSP-AppAdmin,LCLLSP-SupAdmin,LCLLSP-StdAdmin,LCLLSP-StdUser,M3A Administrators,M3A Developers,M3A SALES,M3A Procurement,M3A Finance,M3A Production,M3A RENTAL,M3ADISBIRST-Model-Administrator,M3ADISBIRST-Extension-Administrator,M3ADISBIRST-Consumer-Administrator,M3ADISBIRST-User,M3A Warehouse,M3A Default Subject Area,IFSApplicationAdmin,IFS-ShowUserManagementUI,IFS-GroupsAdmin,IFS-GroupsUpdate,IFS-GroupsReadOnlyUser,IFS-ReadOnly,M3MDP-TESTAPI,INBOX-Admin,M3DMP-Contributor,M3UI-Approver,M3A Opportunity Management,IONAPI-Developer,M3CPW-User,IAD-DataMaintainer,IAD-Designer,IAD-Publisher,IAD-TemplateBuilder,M3ACM-User,M3ACM-Viewer,IPI-ModelerAdmin,IPI-ModelerViewer,IPI-ModelerDesigner,PORTAL-ContentPublisher,M3BE-PowerUser,M3BE-LicenseType1,M3BE-LicenseType2,M3BE-LicenseType3,M3BE-LicenseType6-FT,M3BE-LicenseType6-SHUB,M3HealthService-Administrator,IONAPI-BaaS-Administrator,IONAPI-BaaS-DataAdministrator,IONAPI-BaaS-Developer,IONAPI-BaaS-User,M3BE-DBUpdater,DATAFABRIC-HealthServiceAdmin,PORTAL-AnnouncementAdministrator,M3BE-DBAdmin-PrdToken,M3BE-LicenseType4,SMARTHELP-Administrator,DocBits-User,M3BE-FATAdmin-PRD-UpperLimitRuleToken,M3BE-FATAdmin-DeleteData,M3BE-FATAdmin-PRD-DeleteDataToken,M3BE-FATAdmin-PRD-ConfigureUpperLimit,,,,,,,,,,,,,,,,,,,,,,,,,,,,,,,,,,,,,,,,,,,,,,,,,,,,,,,,,,,,,,,,,,,,,,,,,,,,,,,,,,,,,,,,,,,,,,,,,,,,,,,,,,,,,,,,,,,,,,,,,,,,,,,,,,,,,,,,,,,,,,,,,,,,,,,,,,,,,,,,,,,,,,,,,,,,,,,,,,,,,,,,,,,,,,,,,,,,,,,,,,,,,,,,,,,,,,,,,,,,,,,,,,,,,,,,,,,,,,,,,,,,,,,,,,,,,,,,,,,,,,,,,,,,,,,,,,,,,,,,,,,,,,,,,,,,,,,,,,,,,,,,,,,,,,,,,,,,,,,,,,,,,,,,,,,,,,,,,,,,,,,,,,,,,,,,,,,,,,,,,,,,,,,,,,,,,,,,,,,,,,,,,,,,,,,,,,,,,,,,,,,,,,,,,,,,,,,,,,,,,,,,,,,,,,,,,,,,,,,,,,,,,,,,,,,,,,,,,,,,,,,
ABALDONADO,Angelica,Baldonado,Angelica.Baldonado@chcheli.com,Sr accounting manager,Active,,135dcd3d-de76-46ae-bd33-78fb55d87bc2,Angelica.Baldonado@chcheli.com,2023-11-13T12:10:56-08:00,2026-06-26T13:04:50-07:00,Angelica.Baldonado@chcheli.com,ABALDONADO,,,,,,,,MingleEnterprise,Infor-SuiteUser,MingleIONEnabled,HOMEPAGES-User,DATALAKE-User,IDM-User,IDM-RelatedInformationUser,M3UI-USER,MASHUP-User,M3A Finance,,,,,,,,,,,,,,,,,,,,,,,,,,,,,,,,,,,,,,,,,,,,,,,,,,,,,,,,,,,,,,,,,,,,,,,,,,,,,,,,,,,,,,,,,,,,,,,,,,,,,,,,,,,,,,,,,,,,,,,,,,,,,,,,,,,,,,,,,,,,,,,,,,,,,,,,,,,,,,,,,,,,,,,,,,,,,,,,,,,,,,,,,,,,,,,,,,,,,,,,,,,,,,,,,,,,,,,,,,,,,,,,,,,,,,,,,,,,,,,,,,,,,,,,,,,,,,,,,,,,,,,,,,,,,,,,,,,,,,,,,,,,,,,,,,,,,,,,,,,,,,,,,,,,,,,,,,,,,,,,,,,,,,,,,,,,,,,,,,,,,,,,,,,,,,,,,,,,,,,,,,,,,,,,,,,,,,,,,,,,,,,,,,,,,,,,,,,,,,,,,,,,,,,,,,,,,,,,,,,,,,,,,,,,,,,,,,,,,,,,,,,,,,,,,,,,,,,,,,,,,,,,,,,,,,,,,,,,,,,,,,,,,,,,,,,,,,,,,,,,,,,,,,,,,,,,,,,,,,,,,,,,,,,,,,,,,,,,,,,,,,,,,,,,,,,,,,,,,,,,,,,,,,,,,,,,,,,,,,,,,,,,,,,,,,,,,,,,,,,,,,,,,,,,,,,,,,,,,,,,,,,,,,,,,,,,
827a3264-e563-4b82-a27d-fcf01e57897f,Ellen,Asbjørnsen,ellen.asbjornsen@chcheli.com,Senior accountant,Active,,827a3264-e563-4b82-a27d-fcf01e57897f,ellen.asbjornsen@chcheli.com,2024-03-12T06:47:40-07:00,2024-03-13T00:41:12-07:00,ellen.asbjornsen@chcheli.com,EASBJORN,,,,,,,,MingleEnterprise,Infor-SuiteUser,MingleIONEnabled,HOMEPAGES-User,IDM-User,IDM-RelatedInformationUser,M3UI-USER,MASHUP-User,,,,,,,,,,,,,,,,,,,,,,,,,,,,,,,,,,,,,,,,,,,,,,,,,,,,,,,,,,,,,,,,,,,,,,,,,,,,,,,,,,,,,,,,,,,,,,,,,,,,,,,,,,,,,,,,,,,,,,,,,,,,,,,,,,,,,,,,,,,,,,,,,,,,,,,,,,,,,,,,,,,,,,,,,,,,,,,,,,,,,,,,,,,,,,,,,,,,,,,,,,,,,,,,,,,,,,,,,,,,,,,,,,,,,,,,,,,,,,,,,,,,,,,,,,,,,,,,,,,,,,,,,,,,,,,,,,,,,,,,,,,,,,,,,,,,,,,,,,,,,,,,,,,,,,,,,,,,,,,,,,,,,,,,,,,,,,,,,,,,,,,,,,,,,,,,,,,,,,,,,,,,,,,,,,,,,,,,,,,,,,,,,,,,,,,,,,,,,,,,,,,,,,,,,,,,,,,,,,,,,,,,,,,,,,,,,,,,,,,,,,,,,,,,,,,,,,,,,,,,,,,,,,,,,,,,,,,,,,,,,,,,,,,,,,,,,,,,,,,,,,,,,,,,,,,,,,,,,,,,,,,,,,,,,,,,,,,,,,,,,,,,,,,,,,,,,,,,,,,,,,,,,,,,,,,,,,,,,,,,,,,,,,,,,,,,,,,,,,,,,,,,,,,,,,,,,,,,,,,,,,,,,,,,,,,,,,
YBADIA,Yash,Badia,yash@doppiogroup.com,Sr. Consultant II,Active,,90fa3756-a4e3-4099-a9d0-8395b0cc203c,yash@doppiogroup.com,2024-09-25T08:23:40-07:00,2026-03-19T09:20:08-07:00,yash@doppiogroup.com,YBADIA,,,,,,,,UserAdmin,DataAdministrator,Infor-SystemAdministrator,IFS-ExternalEntityAdmin,IFS-ReadOnlyUser,IFS-AuditReportUser,IFS-AuditAdministrator,IFS-MonitorReportUser,IFS-MonitorAdministrator,IFS-PasswordAdmin,MingleEnterprise,Infor-SuiteUser,MingleIONEnabled,MingleAdministrator,MingleDataAdministrator,PORTAL-User,PORTAL-ContentAdministrator,GRID-SystemAdministrator,GRID-Viewer,GRID-Administrator,HOMEPAGES-Administrator,HOMEPAGES-ContentAdministrator,HOMEPAGES-User,HOMEPAGES-ContentSupport,IONDeskSecurityAdmin,IONDeskAdmin,IONContentProvider,IONDeskOAuthGenerator,Mingle-LocatorView,IFSAdminContact,IONAPI-Tracing,IONAPI-User,IONAPI-Administrator,DATALAKE-User,DATALAKE-DataAdministrator,DATALAKE-SystemAdministrator,DECISIONSERVICE-Editor,DECISIONSERVICE-Approver,INBOX-PowerUser,SmartHelpUser,IDM-User,IDM-AdvancedUser,IDM-Administrator,IDM-SuperUser,IDM-RelatedInformationUser,IDM-SignatureUser,GDPR-Collaboration-ChiefDataProtectionOfficer,GDPR-Collaboration-DataProtectionOfficer,GDPR-App-Administrator,DATAFABRIC-SuperAdmin,DATAFABRIC-User,ENTERPRISESEARCH-Admin,ENTERPRISESEARCH-User,ENTERPRISESEARCH-PowerUser,M3EC-Administrator,M3EC-User,M3EC-ClientDesigntime,M3-DLSubscriptionAdmin,M3BE-FATAdmin-Exporter,M3UI-StartPageAdministrator,M3UI-DebugUser,M3UI-Administrator,M3UI-USER,M3UI-Designer,M3BDP-Administrator,M3BDP-USER,MASHUP-Administrator,MASHUP-User,IECEC-Administrator,IECEC-User,M3BE-FATAdmin,M3BE-FndAdmin,M3BE-FndUser,M3BE-ServicesAdmin,M3BE-CryptoAdmin,M3BE-ExtensionsAdmin,M3BE-ExtensionsViewer,M3BE-DBViewer,M3BE-DBAdmin,M3BE-FndFlagAdmin,M3BE-FileViewer,M3BE-FileAdmin,M3BE-ConfigAdmin,M3BE-ConfigUser,M3BE-LogEnabler,M3BE-SystemAdministrator,M3BE-DBAdmin-ReadToken,EVENTHUB-Administrator,EVENTHUB-User,M3MDP-USER,M3CE_About_Viewer,M3ENTERPRISESEARCH-Administrator,IPW-User,Birst-SystemAdministrator,Birst-User,MONGOOSE-UG-CoreFormsAdmin,MONGOOSE-UG-CoreFormsDeveloper,MONGOOSE-UG-CoreFormsEndUser,MONGOOSE-UG-CoreIDOs,MONGOOSE-LM-MGCoreAutomation,MONGOOSE-LM-MGCoreTrans,MONGOOSE-LM-MGDataViews,MONGOOSE-LM-MGDeveloper,MONGOOSE-LM-MGUserCreatedForms,MONGOOSE-LM-MGUserCreatedIDOs,MONGOOSE-LM-MGPAAS,MONGOOSE-LM-MGM3InterfaceForms,MONGOOSE-LM-MGM3InterfaceIDOs,MONGOOSE-LM-MGAppBuilder,APPBUILDER-Administrator,APPBUILDER-User,APPBUILDER-Designer,LCLLSP-User,LCLLSP-Admin,LCLLSP-PrivilegedUser,LCLLSP-ServiceAdmin,LCLLSP-AppAdmin,LCLLSP-SupAdmin,LCLLSP-StdAdmin,LCLLSP-StdUser,M3A Administrators,M3A Developers,M3A Procurement,M3A Finance,M3A Production,M3ADISBIRST-Model-Administrator,M3ADISBIRST-Extension-Administrator,M3ADISBIRST-Consumer-Administrator,M3ADISBIRST-User,M3A Warehouse,M3A Default Subject Area,IFSApplicationAdmin,IFS-ShowUserManagementUI,IFS-GroupsAdmin,IFS-GroupsUpdate,IFS-GroupsReadOnlyUser,IFS-ReadOnly,M3MDP-TESTAPI,INBOX-Admin,M3DMP-Contributor,M3UI-Approver,M3A Opportunity Management,IONAPI-Developer,M3CPW-User,IAD-DataMaintainer,IAD-Designer,IAD-Publisher,IAD-TemplateBuilder,M3ACM-User,M3ACM-Viewer,IPI-ModelerAdmin,IPI-ModelerViewer,IPI-ModelerDesigner,PORTAL-ContentPublisher,M3BE-PowerUser,M3BE-LicenseType1,M3BE-LicenseType2,M3BE-LicenseType3,M3BE-LicenseType6-FT,M3BE-LicenseType6-SHUB,M3HealthService-Administrator,IONAPI-BaaS-Administrator,IONAPI-BaaS-DataAdministrator,IONAPI-BaaS-Developer,IONAPI-BaaS-User,,,,,,,,,,,,,,,,,,,,,,,,,,,,,,,,,,,,,,,,,,,,,,,,,,,,,,,,,,,,,,,,,,,,,,,,,,,,,,,,,,,,,,,,,,,,,,,,,,,,,,,,,,,,,,,,,,,,,,,,,,,,,,,,,,,,,,,,,,,,,,,,,,,,,,,,,,,,,,,,,,,,,,,,,,,,,,,,,,,,,,,,,,,,,,,,,,,,,,,,,,,,,,,,,,,,,,,,,,,,,,,,,,,,,,,,,,,,,,,,,,,,,,,,,,,,,,,,,,,,,,,,,,,,,,,,,,,,,,,,,,,,,,,,,,,,,,,,,,,,,,,,,,,,,,,,,,,,,,,,,,,,,,,,,,,,,,,,,,,,,,,,,,,,,,,,,,,,,,,,,,,,,,,,,,,,,,,,,,,,,,,,,,,,,,,,,,,,,,,,,,,,,,,,,,,,,,,,,,,,,,,,,,,,,,,,,,,,,,,,,,,,,,,,,,,,,,,,,,,,,,,,,,,,,,,,,,,,,
3b84776d-88f5-429f-88d5-c369c67d300d,Sowmya,R,delete_sowmya.rangarajan@doppiogroup.com,Technical Consultant,Removed,,3b84776d-88f5-429f-88d5-c369c67d300d,delete_sowmya.rangarajan@doppiogroup.com,2025-12-19T14:16:16-08:00,2025-12-30T02:49:05-08:00,delete_sowmya.rangarajan@doppiogroup.com,SRANGARAJA,,,,,,,,UserAdmin,DataAdministrator,Infor-SystemAdministrator,IFS-ExternalEntityAdmin,IFS-ReadOnlyUser,IFS-AuditReportUser,IFS-AuditAdministrator,IFS-MonitorReportUser,IFS-MonitorAdministrator,IFS-PasswordAdmin,MingleEnterprise,Infor-SuiteUser,MingleIONEnabled,MingleAdministrator,MingleDataAdministrator,PORTAL-User,PORTAL-ContentAdministrator,GRID-SystemAdministrator,GRID-Viewer,GRID-Administrator,HOMEPAGES-Administrator,HOMEPAGES-ContentAdministrator,HOMEPAGES-User,HOMEPAGES-ContentSupport,IONDeskSecurityAdmin,IONDeskAdmin,IONContentProvider,IONDeskOAuthGenerator,Mingle-LocatorView,IFSAdminContact,IONAPI-Tracing,IONAPI-User,IONAPI-Administrator,DATALAKE-User,DATALAKE-DataAdministrator,DATALAKE-SystemAdministrator,DECISIONSERVICE-Editor,DECISIONSERVICE-Approver,INBOX-PowerUser,SmartHelpUser,IDM-User,IDM-AdvancedUser,IDM-Administrator,IDM-SuperUser,IDM-RelatedInformationUser,IDM-SignatureUser,GDPR-Collaboration-ChiefDataProtectionOfficer,GDPR-Collaboration-DataProtectionOfficer,GDPR-App-Administrator,DATAFABRIC-SuperAdmin,DATAFABRIC-User,ENTERPRISESEARCH-Admin,ENTERPRISESEARCH-User,ENTERPRISESEARCH-PowerUser,M3EC-Administrator,M3EC-User,M3EC-ClientDesigntime,M3-DLSubscriptionAdmin,M3BE-FATAdmin-Exporter,M3UI-StartPageAdministrator,M3UI-DebugUser,M3UI-Administrator,M3UI-USER,M3UI-Designer,M3BDP-Administrator,M3BDP-USER,MASHUP-Administrator,MASHUP-User,IECEC-Administrator,IECEC-User,M3BE-FATAdmin,M3BE-FndAdmin,M3BE-FndUser,M3BE-ServicesAdmin,M3BE-CryptoAdmin,M3BE-ExtensionsAdmin,M3BE-ExtensionsViewer,M3BE-DBViewer,M3BE-DBAdmin,M3BE-FndFlagAdmin,M3BE-FileViewer,M3BE-FileAdmin,M3BE-ConfigAdmin,M3BE-ConfigUser,M3BE-LogEnabler,M3BE-SystemAdministrator,M3BE-DBAdmin-ReadToken,EVENTHUB-Administrator,EVENTHUB-User,M3MDP-USER,M3CE_About_Viewer,M3ENTERPRISESEARCH-Administrator,IPW-User,Birst-SystemAdministrator,Birst-User,MONGOOSE-UG-CoreFormsAdmin,MONGOOSE-UG-CoreFormsDeveloper,MONGOOSE-UG-CoreFormsEndUser,MONGOOSE-UG-CoreIDOs,MONGOOSE-LM-MGCoreAutomation,MONGOOSE-LM-MGCoreTrans,MONGOOSE-LM-MGDataViews,MONGOOSE-LM-MGDeveloper,MONGOOSE-LM-MGUserCreatedForms,MONGOOSE-LM-MGUserCreatedIDOs,MONGOOSE-LM-MGPAAS,MONGOOSE-LM-MGM3InterfaceForms,MONGOOSE-LM-MGM3InterfaceIDOs,MONGOOSE-LM-MGAppBuilder,APPBUILDER-Administrator,APPBUILDER-User,APPBUILDER-Designer,LCLLSP-User,LCLLSP-Admin,LCLLSP-PrivilegedUser,LCLLSP-ServiceAdmin,LCLLSP-AppAdmin,LCLLSP-SupAdmin,LCLLSP-StdAdmin,LCLLSP-StdUser,M3A Administrators,M3A Developers,M3A SALES,M3A Procurement,M3A Finance,M3A Production,M3A RENTAL,M3ADISBIRST-Model-Administrator,M3ADISBIRST-Extension-Administrator,M3ADISBIRST-Consumer-Administrator,M3ADISBIRST-User,M3A Warehouse,M3A Default Subject Area,IFSApplicationAdmin,IFS-ShowUserManagementUI,IFS-GroupsAdmin,IFS-GroupsUpdate,IFS-GroupsReadOnlyUser,IFS-ReadOnly,M3MDP-TESTAPI,INBOX-Admin,M3DMP-Contributor,M3UI-Approver,M3A Opportunity Management,IONAPI-Developer,M3CPW-User,IAD-DataMaintainer,IAD-Designer,IAD-Publisher,IAD-TemplateBuilder,M3ACM-User,M3ACM-Viewer,IPI-ModelerAdmin,IPI-ModelerViewer,IPI-ModelerDesigner,PORTAL-ContentPublisher,M3BE-PowerUser,M3BE-LicenseType1,M3BE-LicenseType2,M3BE-LicenseType3,M3BE-LicenseType6-FT,M3BE-LicenseType6-SHUB,M3HealthService-Administrator,IONAPI-BaaS-Administrator,IONAPI-BaaS-DataAdministrator,IONAPI-BaaS-Developer,IONAPI-BaaS-User,M3BE-DBUpdater,DATAFABRIC-HealthServiceAdmin,PORTAL-AnnouncementAdministrator,M3BE-DBAdmin-PrdToken,M3BE-LicenseType4,SMARTHELP-Administrator,,,,,,,,,,,,,,,,,,,,,,,,,,,,,,,,,,,,,,,,,,,,,,,,,,,,,,,,,,,,,,,,,,,,,,,,,,,,,,,,,,,,,,,,,,,,,,,,,,,,,,,,,,,,,,,,,,,,,,,,,,,,,,,,,,,,,,,,,,,,,,,,,,,,,,,,,,,,,,,,,,,,,,,,,,,,,,,,,,,,,,,,,,,,,,,,,,,,,,,,,,,,,,,,,,,,,,,,,,,,,,,,,,,,,,,,,,,,,,,,,,,,,,,,,,,,,,,,,,,,,,,,,,,,,,,,,,,,,,,,,,,,,,,,,,,,,,,,,,,,,,,,,,,,,,,,,,,,,,,,,,,,,,,,,,,,,,,,,,,,,,,,,,,,,,,,,,,,,,,,,,,,,,,,,,,,,,,,,,,,,,,,,,,,,,,,,,,,,,,,,,,,,,,,,,,,,,,,,,,,,,,,,,,,,,,,,,,,,,,,,,,,,,,,,,,,,,,,,,,,,,,,,,,,,
AACHILLE,Aimee,Achilles,Aimee.Achilles@chcheli.com,,Active,,8b411b60-9419-44c7-96d1-b02cad5130f8,Aimee.Achilles@chcheli.com,2026-04-20T07:11:30-07:00,,Aimee.Achilles@chcheli.com,AACHILLE,,,,,,,,,,,,,,,,,,,,,,,,,,,,,,,,,,,,,,,,,,,,,,,,,,,,,,,,,,,,,,,,,,,,,,,,,,,,,,,,,,,,,,,,,,,,,,,,,,,,,,,,,,,,,,,,,,,,,,,,,,,,,,,,,,,,,,,,,,,,,,,,,,,,,,,,,,,,,,,,,,,,,,,,,,,,,,,,,,,,,,,,,,,,,,,,,,,,,,,,,,,,,,,,,,,,,,,,,,,,,,,,,,,,,,,,,,,,,,,,,,,,,,,,,,,,,,,,,,,,,,,,,,,,,,,,,,,,,,,,,,,,,,,,,,,,,,,,,,,,,,,,,,,,,,,,,,,,,,,,,,,,,,,,,,,,,,,,,,,,,,,,,,,,,,,,,,,,,,,,,,,,,,,,,,,,,,,,,,,,,,,,,,,,,,,,,,,,,,,,,,,,,,,,,,,,,,,,,,,,,,,,,,,,,,,,,,,,,,,,,,,,,,,,,,,,,,,,,,,,,,,,,,,,,,,,,,,,,,,,,,,,,,,,,,,,,,,,,,,,,,,,,,,,,,,,,,,,,,,,,,,,,,,,,,,,,,,,,,,,,,,,,,,,,,,,,,,,,,,,,,,,,,,,,,,,,,,,,,,,,,,,,,,,,,,,,,,,,,,,,,,,,,,,,,,,,,,,,,,,,,,,,,,,,,,,,,,,,,,,,,,,,,,,,
ABRYLINS,Anna,Brylinska,Anna.Brylinska@chcheli.com,,Active,,4d90f81d-a747-494e-851b-3ff8eef2d079,Anna.Brylinska@chcheli.com,2026-04-20T07:11:30-07:00,,Anna.Brylinska@chcheli.com,ABRYLINS,,,,,,,,MingleEnterprise,Infor-SuiteUser,MingleIONEnabled,HOMEPAGES-User,IDM-User,IDM-RelatedInformationUser,M3UI-USER,MASHUP-User,,,,,,,,,,,,,,,,,,,,,,,,,,,,,,,,,,,,,,,,,,,,,,,,,,,,,,,,,,,,,,,,,,,,,,,,,,,,,,,,,,,,,,,,,,,,,,,,,,,,,,,,,,,,,,,,,,,,,,,,,,,,,,,,,,,,,,,,,,,,,,,,,,,,,,,,,,,,,,,,,,,,,,,,,,,,,,,,,,,,,,,,,,,,,,,,,,,,,,,,,,,,,,,,,,,,,,,,,,,,,,,,,,,,,,,,,,,,,,,,,,,,,,,,,,,,,,,,,,,,,,,,,,,,,,,,,,,,,,,,,,,,,,,,,,,,,,,,,,,,,,,,,,,,,,,,,,,,,,,,,,,,,,,,,,,,,,,,,,,,,,,,,,,,,,,,,,,,,,,,,,,,,,,,,,,,,,,,,,,,,,,,,,,,,,,,,,,,,,,,,,,,,,,,,,,,,,,,,,,,,,,,,,,,,,,,,,,,,,,,,,,,,,,,,,,,,,,,,,,,,,,,,,,,,,,,,,,,,,,,,,,,,,,,,,,,,,,,,,,,,,,,,,,,,,,,,,,,,,,,,,,,,,,,,,,,,,,,,,,,,,,,,,,,,,,,,,,,,,,,,,,,,,,,,,,,,,,,,,,,,,,,,,,,,,,,,,,,,,,,,,,,,,,,,,,,,,,,,,,,,,,,,,,,,,,,,,
ASTAYLOR,Ashley,Taylor,Ashley.Taylor@CHCHeli.com,,Active,,6238eb4d-1d90-4b26-bdbd-3a51ca8aa164,Ashley.Taylor@CHCHeli.com,2026-04-20T07:15:28-07:00,,Ashley.Taylor@CHCHeli.com,ASTAYLOR,,,,,,,,MingleEnterprise,Infor-SuiteUser,MingleIONEnabled,HOMEPAGES-User,IDM-User,IDM-RelatedInformationUser,M3UI-USER,MASHUP-User,,,,,,,,,,,,,,,,,,,,,,,,,,,,,,,,,,,,,,,,,,,,,,,,,,,,,,,,,,,,,,,,,,,,,,,,,,,,,,,,,,,,,,,,,,,,,,,,,,,,,,,,,,,,,,,,,,,,,,,,,,,,,,,,,,,,,,,,,,,,,,,,,,,,,,,,,,,,,,,,,,,,,,,,,,,,,,,,,,,,,,,,,,,,,,,,,,,,,,,,,,,,,,,,,,,,,,,,,,,,,,,,,,,,,,,,,,,,,,,,,,,,,,,,,,,,,,,,,,,,,,,,,,,,,,,,,,,,,,,,,,,,,,,,,,,,,,,,,,,,,,,,,,,,,,,,,,,,,,,,,,,,,,,,,,,,,,,,,,,,,,,,,,,,,,,,,,,,,,,,,,,,,,,,,,,,,,,,,,,,,,,,,,,,,,,,,,,,,,,,,,,,,,,,,,,,,,,,,,,,,,,,,,,,,,,,,,,,,,,,,,,,,,,,,,,,,,,,,,,,,,,,,,,,,,,,,,,,,,,,,,,,,,,,,,,,,,,,,,,,,,,,,,,,,,,,,,,,,,,,,,,,,,,,,,,,,,,,,,,,,,,,,,,,,,,,,,,,,,,,,,,,,,,,,,,,,,,,,,,,,,,,,,,,,,,,,,,,,,,,,,,,,,,,,,,,,,,,,,,,,,,,,,,,,,,,,,
CAANTUNE,Michel,Antunes,Michel.Antunes@chcheli.com,,Active,,829ad042-536b-4455-80fb-3243e6b6bdee,Michel.Antunes@chcheli.com,2026-04-20T07:15:32-07:00,,Michel.Antunes@chcheli.com,CAANTUNE,,,,,,,,MingleEnterprise,Infor-SuiteUser,MingleIONEnabled,HOMEPAGES-User,IDM-User,IDM-RelatedInformationUser,M3UI-USER,MASHUP-User,,,,,,,,,,,,,,,,,,,,,,,,,,,,,,,,,,,,,,,,,,,,,,,,,,,,,,,,,,,,,,,,,,,,,,,,,,,,,,,,,,,,,,,,,,,,,,,,,,,,,,,,,,,,,,,,,,,,,,,,,,,,,,,,,,,,,,,,,,,,,,,,,,,,,,,,,,,,,,,,,,,,,,,,,,,,,,,,,,,,,,,,,,,,,,,,,,,,,,,,,,,,,,,,,,,,,,,,,,,,,,,,,,,,,,,,,,,,,,,,,,,,,,,,,,,,,,,,,,,,,,,,,,,,,,,,,,,,,,,,,,,,,,,,,,,,,,,,,,,,,,,,,,,,,,,,,,,,,,,,,,,,,,,,,,,,,,,,,,,,,,,,,,,,,,,,,,,,,,,,,,,,,,,,,,,,,,,,,,,,,,,,,,,,,,,,,,,,,,,,,,,,,,,,,,,,,,,,,,,,,,,,,,,,,,,,,,,,,,,,,,,,,,,,,,,,,,,,,,,,,,,,,,,,,,,,,,,,,,,,,,,,,,,,,,,,,,,,,,,,,,,,,,,,,,,,,,,,,,,,,,,,,,,,,,,,,,,,,,,,,,,,,,,,,,,,,,,,,,,,,,,,,,,,,,,,,,,,,,,,,,,,,,,,,,,,,,,,,,,,,,,,,,,,,,,,,,,,,,,,,,,,,,,,,,,,,,
EDEABREU,Everaldo,Abreu,Everaldo.Abreu@chcheli.com,,Active,,f02d04e5-aa5d-45f3-9f4c-ed1db67cae99,Everaldo.Abreu@chcheli.com,2026-04-20T07:15:38-07:00,,Everaldo.Abreu@chcheli.com,EDEABREU,,,,,,,,MingleEnterprise,Infor-SuiteUser,MingleIONEnabled,HOMEPAGES-User,IDM-User,IDM-RelatedInformationUser,M3UI-USER,MASHUP-User,,,,,,,,,,,,,,,,,,,,,,,,,,,,,,,,,,,,,,,,,,,,,,,,,,,,,,,,,,,,,,,,,,,,,,,,,,,,,,,,,,,,,,,,,,,,,,,,,,,,,,,,,,,,,,,,,,,,,,,,,,,,,,,,,,,,,,,,,,,,,,,,,,,,,,,,,,,,,,,,,,,,,,,,,,,,,,,,,,,,,,,,,,,,,,,,,,,,,,,,,,,,,,,,,,,,,,,,,,,,,,,,,,,,,,,,,,,,,,,,,,,,,,,,,,,,,,,,,,,,,,,,,,,,,,,,,,,,,,,,,,,,,,,,,,,,,,,,,,,,,,,,,,,,,,,,,,,,,,,,,,,,,,,,,,,,,,,,,,,,,,,,,,,,,,,,,,,,,,,,,,,,,,,,,,,,,,,,,,,,,,,,,,,,,,,,,,,,,,,,,,,,,,,,,,,,,,,,,,,,,,,,,,,,,,,,,,,,,,,,,,,,,,,,,,,,,,,,,,,,,,,,,,,,,,,,,,,,,,,,,,,,,,,,,,,,,,,,,,,,,,,,,,,,,,,,,,,,,,,,,,,,,,,,,,,,,,,,,,,,,,,,,,,,,,,,,,,,,,,,,,,,,,,,,,,,,,,,,,,,,,,,,,,,,,,,,,,,,,,,,,,,,,,,,,,,,,,,,,,,,,,,,,,,,,,,,,
995c8069-7a48-4e7e-8a7f-677c5f5935a5,flt_ops_hum@chcheli,,flt_ops_hum@chcheli.com,,Active,,995c8069-7a48-4e7e-8a7f-677c5f5935a5,flt_ops_hum@chcheli.com,2026-04-20T07:15:40-07:00,,flt_ops_hum@chcheli.com,FLOPSHUM,,,,,,,,MingleEnterprise,Infor-SuiteUser,MingleIONEnabled,HOMEPAGES-User,IDM-User,IDM-RelatedInformationUser,M3UI-USER,MASHUP-User,,,,,,,,,,,,,,,,,,,,,,,,,,,,,,,,,,,,,,,,,,,,,,,,,,,,,,,,,,,,,,,,,,,,,,,,,,,,,,,,,,,,,,,,,,,,,,,,,,,,,,,,,,,,,,,,,,,,,,,,,,,,,,,,,,,,,,,,,,,,,,,,,,,,,,,,,,,,,,,,,,,,,,,,,,,,,,,,,,,,,,,,,,,,,,,,,,,,,,,,,,,,,,,,,,,,,,,,,,,,,,,,,,,,,,,,,,,,,,,,,,,,,,,,,,,,,,,,,,,,,,,,,,,,,,,,,,,,,,,,,,,,,,,,,,,,,,,,,,,,,,,,,,,,,,,,,,,,,,,,,,,,,,,,,,,,,,,,,,,,,,,,,,,,,,,,,,,,,,,,,,,,,,,,,,,,,,,,,,,,,,,,,,,,,,,,,,,,,,,,,,,,,,,,,,,,,,,,,,,,,,,,,,,,,,,,,,,,,,,,,,,,,,,,,,,,,,,,,,,,,,,,,,,,,,,,,,,,,,,,,,,,,,,,,,,,,,,,,,,,,,,,,,,,,,,,,,,,,,,,,,,,,,,,,,,,,,,,,,,,,,,,,,,,,,,,,,,,,,,,,,,,,,,,,,,,,,,,,,,,,,,,,,,,,,,,,,,,,,,,,,,,,,,,,,,,,,,,,,,,,,,,,,,,,,,,,,
LBRANDAO,Livia,Brandao,Livia.Brandao@chcheli.com,,Active,,8ebdefbd-60f4-4737-b9ab-88cf332181f0,Livia.Brandao@chcheli.com,2026-04-20T07:15:52-07:00,2026-07-28T10:44:06-07:00,Livia.Brandao@chcheli.com,LBRANDAO,,,,,,,,MingleEnterprise,Infor-SuiteUser,MingleIONEnabled,HOMEPAGES-User,IDM-User,IDM-RelatedInformationUser,M3UI-USER,MASHUP-User,,,,,,,,,,,,,,,,,,,,,,,,,,,,,,,,,,,,,,,,,,,,,,,,,,,,,,,,,,,,,,,,,,,,,,,,,,,,,,,,,,,,,,,,,,,,,,,,,,,,,,,,,,,,,,,,,,,,,,,,,,,,,,,,,,,,,,,,,,,,,,,,,,,,,,,,,,,,,,,,,,,,,,,,,,,,,,,,,,,,,,,,,,,,,,,,,,,,,,,,,,,,,,,,,,,,,,,,,,,,,,,,,,,,,,,,,,,,,,,,,,,,,,,,,,,,,,,,,,,,,,,,,,,,,,,,,,,,,,,,,,,,,,,,,,,,,,,,,,,,,,,,,,,,,,,,,,,,,,,,,,,,,,,,,,,,,,,,,,,,,,,,,,,,,,,,,,,,,,,,,,,,,,,,,,,,,,,,,,,,,,,,,,,,,,,,,,,,,,,,,,,,,,,,,,,,,,,,,,,,,,,,,,,,,,,,,,,,,,,,,,,,,,,,,,,,,,,,,,,,,,,,,,,,,,,,,,,,,,,,,,,,,,,,,,,,,,,,,,,,,,,,,,,,,,,,,,,,,,,,,,,,,,,,,,,,,,,,,,,,,,,,,,,,,,,,,,,,,,,,,,,,,,,,,,,,,,,,,,,,,,,,,,,,,,,,,,,,,,,,,,,,,,,,,,,,,,,,,,,,,,,,,,,,,,,,,,
MISOTO,Miguel,Soto,Miguel.Soto@chcheli.com,,Active,,8fc8914c-859b-40ff-b853-1660ee862b9e,Miguel.Soto@chcheli.com,2026-04-20T07:15:58-07:00,,Miguel.Soto@chcheli.com,MISOTO,,,,,,,,MingleEnterprise,Infor-SuiteUser,MingleIONEnabled,HOMEPAGES-User,IDM-User,IDM-RelatedInformationUser,M3UI-USER,MASHUP-User,,,,,,,,,,,,,,,,,,,,,,,,,,,,,,,,,,,,,,,,,,,,,,,,,,,,,,,,,,,,,,,,,,,,,,,,,,,,,,,,,,,,,,,,,,,,,,,,,,,,,,,,,,,,,,,,,,,,,,,,,,,,,,,,,,,,,,,,,,,,,,,,,,,,,,,,,,,,,,,,,,,,,,,,,,,,,,,,,,,,,,,,,,,,,,,,,,,,,,,,,,,,,,,,,,,,,,,,,,,,,,,,,,,,,,,,,,,,,,,,,,,,,,,,,,,,,,,,,,,,,,,,,,,,,,,,,,,,,,,,,,,,,,,,,,,,,,,,,,,,,,,,,,,,,,,,,,,,,,,,,,,,,,,,,,,,,,,,,,,,,,,,,,,,,,,,,,,,,,,,,,,,,,,,,,,,,,,,,,,,,,,,,,,,,,,,,,,,,,,,,,,,,,,,,,,,,,,,,,,,,,,,,,,,,,,,,,,,,,,,,,,,,,,,,,,,,,,,,,,,,,,,,,,,,,,,,,,,,,,,,,,,,,,,,,,,,,,,,,,,,,,,,,,,,,,,,,,,,,,,,,,,,,,,,,,,,,,,,,,,,,,,,,,,,,,,,,,,,,,,,,,,,,,,,,,,,,,,,,,,,,,,,,,,,,,,,,,,,,,,,,,,,,,,,,,,,,,,,,,,,,,,,,,,,,,,,,
7573084a-16a2-4b40-b0dc-09148fb61b06,Nataraj,Badrinarayana,Nataraj.Badrinarayana@chcheli.com,,Active,,7573084a-16a2-4b40-b0dc-09148fb61b06,Nataraj.Badrinarayana@chcheli.com,2026-04-20T07:16:01-07:00,,Nataraj.Badrinarayana@chcheli.com,NBADRINA,,,,,,,,MingleEnterprise,Infor-SuiteUser,MingleIONEnabled,HOMEPAGES-User,IDM-User,IDM-RelatedInformationUser,M3UI-USER,MASHUP-User,,,,,,,,,,,,,,,,,,,,,,,,,,,,,,,,,,,,,,,,,,,,,,,,,,,,,,,,,,,,,,,,,,,,,,,,,,,,,,,,,,,,,,,,,,,,,,,,,,,,,,,,,,,,,,,,,,,,,,,,,,,,,,,,,,,,,,,,,,,,,,,,,,,,,,,,,,,,,,,,,,,,,,,,,,,,,,,,,,,,,,,,,,,,,,,,,,,,,,,,,,,,,,,,,,,,,,,,,,,,,,,,,,,,,,,,,,,,,,,,,,,,,,,,,,,,,,,,,,,,,,,,,,,,,,,,,,,,,,,,,,,,,,,,,,,,,,,,,,,,,,,,,,,,,,,,,,,,,,,,,,,,,,,,,,,,,,,,,,,,,,,,,,,,,,,,,,,,,,,,,,,,,,,,,,,,,,,,,,,,,,,,,,,,,,,,,,,,,,,,,,,,,,,,,,,,,,,,,,,,,,,,,,,,,,,,,,,,,,,,,,,,,,,,,,,,,,,,,,,,,,,,,,,,,,,,,,,,,,,,,,,,,,,,,,,,,,,,,,,,,,,,,,,,,,,,,,,,,,,,,,,,,,,,,,,,,,,,,,,,,,,,,,,,,,,,,,,,,,,,,,,,,,,,,,,,,,,,,,,,,,,,,,,,,,,,,,,,,,,,,,,,,,,,,,,,,,,,,,,,,,,,,,,,,,,,,,
STEIXEIR,sharlene,alves da silva teixeira,Sharlene.Teixeira@chcheli.com,Finance Assistant,Active,,d9426ed1-82e0-41ba-80c5-fbd957d0ddab,Sharlene.Teixeira@chcheli.com,2026-04-20T07:16:14-07:00,2026-05-21T09:04:01-07:00,Sharlene.Teixeira@chcheli.com,STEIXEIR,,,,,,,,MingleEnterprise,Infor-SuiteUser,MingleIONEnabled,HOMEPAGES-User,IDM-User,IDM-RelatedInformationUser,M3UI-USER,MASHUP-User,,,,,,,,,,,,,,,,,,,,,,,,,,,,,,,,,,,,,,,,,,,,,,,,,,,,,,,,,,,,,,,,,,,,,,,,,,,,,,,,,,,,,,,,,,,,,,,,,,,,,,,,,,,,,,,,,,,,,,,,,,,,,,,,,,,,,,,,,,,,,,,,,,,,,,,,,,,,,,,,,,,,,,,,,,,,,,,,,,,,,,,,,,,,,,,,,,,,,,,,,,,,,,,,,,,,,,,,,,,,,,,,,,,,,,,,,,,,,,,,,,,,,,,,,,,,,,,,,,,,,,,,,,,,,,,,,,,,,,,,,,,,,,,,,,,,,,,,,,,,,,,,,,,,,,,,,,,,,,,,,,,,,,,,,,,,,,,,,,,,,,,,,,,,,,,,,,,,,,,,,,,,,,,,,,,,,,,,,,,,,,,,,,,,,,,,,,,,,,,,,,,,,,,,,,,,,,,,,,,,,,,,,,,,,,,,,,,,,,,,,,,,,,,,,,,,,,,,,,,,,,,,,,,,,,,,,,,,,,,,,,,,,,,,,,,,,,,,,,,,,,,,,,,,,,,,,,,,,,,,,,,,,,,,,,,,,,,,,,,,,,,,,,,,,,,,,,,,,,,,,,,,,,,,,,,,,,,,,,,,,,,,,,,,,,,,,,,,,,,,,,,,,,,,,,,,,,,,,,,,,,,,,,,,,,,,,,
3383adb1-f7a5-4252-a37f-dc3f011df871,Milan,Dragović,milan.dragovic@chcheli.com,Software Architect,Active,,3383adb1-f7a5-4252-a37f-dc3f011df871,milan.dragovic@chcheli.com,2026-05-19T14:37:05-07:00,2026-05-20T09:10:31-07:00,milan.dragovic@chcheli.com,MDRAGOVI,,,,,,,,UserAdmin,DataAdministrator,AttributeServiceCaller,Infor-SystemAdministrator,IFS-ExternalEntityAdmin,IFS-ReadOnlyUser,IFS-AuditReportUser,IFS-AuditAdministrator,IFS-MonitorReportUser,IFS-MonitorAdministrator,IFS-PasswordAdmin,MingleEnterprise,Infor-SuiteUser,MingleIONEnabled,MingleAdministrator,MingleDataAdministrator,PORTAL-User,PORTAL-ContentAdministrator,GRID-SystemAdministrator,GRID-Viewer,GRID-Administrator,HOMEPAGES-Administrator,HOMEPAGES-ContentAdministrator,HOMEPAGES-User,HOMEPAGES-ContentSupport,IONDeskSecurityAdmin,IONDeskAdmin,IONContentProvider,IONDeskOAuthGenerator,Mingle-LocatorView,IFSAdminContact,IONAPI-Tracing,IONAPI-User,IONAPI-Administrator,DATALAKE-User,DATALAKE-DataAdministrator,DATALAKE-SystemAdministrator,DECISIONSERVICE-Editor,DECISIONSERVICE-Approver,INBOX-PowerUser,SmartHelpUser,IDM-User,IDM-AdvancedUser,IDM-Administrator,IDM-SuperUser,IDM-RelatedInformationUser,IDM-SignatureUser,GDPR-Collaboration-ChiefDataProtectionOfficer,GDPR-Collaboration-DataProtectionOfficer,GDPR-App-Administrator,DATAFABRIC-SuperAdmin,DATAFABRIC-User,ENTERPRISESEARCH-Admin,ENTERPRISESEARCH-User,ENTERPRISESEARCH-PowerUser,M3EC-Administrator,M3EC-User,M3EC-ClientDesigntime,M3-DLSubscriptionAdmin,M3BE-FATAdmin-Exporter,M3UI-StartPageAdministrator,M3UI-DebugUser,M3UI-Administrator,M3UI-USER,M3UI-Designer,M3BDP-Administrator,M3BDP-USER,MASHUP-Administrator,MASHUP-User,IECEC-Administrator,IECEC-User,M3BE-FATAdmin,M3BE-FndAdmin,M3BE-FndUser,M3BE-ServicesAdmin,M3BE-CryptoAdmin,M3BE-ExtensionsAdmin,M3BE-ExtensionsViewer,M3BE-DBViewer,M3BE-DBAdmin,M3BE-FndFlagAdmin,M3BE-FileViewer,M3BE-FileAdmin,M3BE-ConfigAdmin,M3BE-ConfigUser,M3BE-LogEnabler,M3BE-SystemAdministrator,M3BE-DBAdmin-ReadToken,EVENTHUB-Administrator,EVENTHUB-User,M3MDP-USER,M3CE_About_Viewer,M3ENTERPRISESEARCH-Administrator,IPW-User,Birst-SystemAdministrator,Birst-User,MONGOOSE-UG-CoreFormsAdmin,MONGOOSE-UG-CoreFormsDeveloper,MONGOOSE-UG-CoreFormsEndUser,MONGOOSE-UG-CoreIDOs,MONGOOSE-LM-MGCoreAutomation,MONGOOSE-LM-MGCoreTrans,MONGOOSE-LM-MGDataViews,MONGOOSE-LM-MGDeveloper,MONGOOSE-LM-MGUserCreatedForms,MONGOOSE-LM-MGUserCreatedIDOs,MONGOOSE-LM-MGPAAS,MONGOOSE-LM-MGM3InterfaceForms,MONGOOSE-LM-MGM3InterfaceIDOs,MONGOOSE-LM-MGAppBuilder,APPBUILDER-Administrator,APPBUILDER-User,APPBUILDER-Designer,LCLLSP-User,LCLLSP-Admin,LCLLSP-PrivilegedUser,LCLLSP-ServiceAdmin,LCLLSP-AppAdmin,LCLLSP-SupAdmin,LCLLSP-StdAdmin,LCLLSP-StdUser,M3A Administrators,M3A Developers,M3A SALES,M3A Procurement,M3A Finance,M3A Production,M3A RENTAL,M3ADISBIRST-Model-Administrator,M3ADISBIRST-Extension-Administrator,M3ADISBIRST-Consumer-Administrator,M3ADISBIRST-User,M3A Warehouse,M3A Default Subject Area,IFSApplicationAdmin,IFS-ShowUserManagementUI,IFS-GroupsAdmin,IFS-GroupsUpdate,IFS-GroupsReadOnlyUser,IFS-ReadOnly,M3MDP-TESTAPI,INBOX-Admin,M3DMP-Contributor,M3UI-Approver,M3A Opportunity Management,IONAPI-Developer,M3CPW-User,IAD-DataMaintainer,IAD-Designer,IAD-Publisher,IAD-TemplateBuilder,M3ACM-User,M3ACM-Viewer,IPI-ModelerAdmin,IPI-ModelerViewer,IPI-ModelerDesigner,PORTAL-ContentPublisher,M3BE-PowerUser,M3BE-LicenseType1,M3BE-LicenseType2,M3BE-LicenseType3,M3BE-LicenseType6-FT,M3BE-LicenseType6-SHUB,M3HealthService-Administrator,IONAPI-BaaS-Administrator,IONAPI-BaaS-DataAdministrator,IONAPI-BaaS-Developer,IONAPI-BaaS-User,M3BE-DBUpdater,DATAFABRIC-HealthServiceAdmin,PORTAL-AnnouncementAdministrator,M3BE-DBAdmin-PrdToken,M3BE-LicenseType4,SMARTHELP-Administrator,DocBits-User,M3BE-FATAdmin-PRD-UpperLimitRuleToken,M3BE-FATAdmin-DeleteData,M3BE-FATAdmin-PRD-DeleteDataToken,M3BE-FATAdmin-PRD-ConfigureUpperLimit,,,,,,,,,,,,,,,,,,,,,,,,,,,,,,,,,,,,,,,,,,,,,,,,,,,,,,,,,,,,,,,,,,,,,,,,,,,,,,,,,,,,,,,,,,,,,,,,,,,,,,,,,,,,,,,,,,,,,,,,,,,,,,,,,,,,,,,,,,,,,,,,,,,,,,,,,,,,,,,,,,,,,,,,,,,,,,,,,,,,,,,,,,,,,,,,,,,,,,,,,,,,,,,,,,,,,,,,,,,,,,,,,,,,,,,,,,,,,,,,,,,,,,,,,,,,,,,,,,,,,,,,,,,,,,,,,,,,,,,,,,,,,,,,,,,,,,,,,,,,,,,,,,,,,,,,,,,,,,,,,,,,,,,,,,,,,,,,,,,,,,,,,,,,,,,,,,,,,,,,,,,,,,,,,,,,,,,,,,,,,,,,,,,,,,,,,,,,,,,,,,,,,,,,,,,,,,,,,,,,,,,,,,,,,,,,,,,,,,,,,,,,,,,,,,,,,,,,,,,,,,,
cfc9f8c2-1c1c-426a-a916-e17cca7ed39e,Nikola,Lelekovic,nikola.lelekovic@chcheli.com,,Active,,cfc9f8c2-1c1c-426a-a916-e17cca7ed39e,nikola.lelekovic@chcheli.com,2026-05-19T14:37:06-07:00,2026-08-17T09:45:44-07:00,nikola.lelekovic@chcheli.com,NLELEKOV,,,,,,,,UserAdmin,DataAdministrator,AttributeServiceCaller,Infor-SystemAdministrator,IFS-ExternalEntityAdmin,IFS-ReadOnlyUser,IFS-AuditReportUser,IFS-AuditAdministrator,IFS-MonitorReportUser,IFS-MonitorAdministrator,IFS-PasswordAdmin,MingleEnterprise,Infor-SuiteUser,MingleIONEnabled,MingleAdministrator,MingleDataAdministrator,PORTAL-User,PORTAL-ContentAdministrator,GRID-SystemAdministrator,GRID-Viewer,GRID-Administrator,HOMEPAGES-Administrator,HOMEPAGES-ContentAdministrator,HOMEPAGES-User,HOMEPAGES-ContentSupport,IONDeskSecurityAdmin,IONDeskAdmin,IONContentProvider,IONDeskOAuthGenerator,Mingle-LocatorView,IFSAdminContact,IONAPI-Tracing,IONAPI-User,IONAPI-Administrator,DATALAKE-User,DATALAKE-DataAdministrator,DATALAKE-SystemAdministrator,DECISIONSERVICE-Editor,DECISIONSERVICE-Approver,INBOX-PowerUser,SmartHelpUser,IDM-User,IDM-AdvancedUser,IDM-Administrator,IDM-SuperUser,IDM-RelatedInformationUser,IDM-SignatureUser,GDPR-Collaboration-ChiefDataProtectionOfficer,GDPR-Collaboration-DataProtectionOfficer,GDPR-App-Administrator,DATAFABRIC-SuperAdmin,DATAFABRIC-User,ENTERPRISESEARCH-Admin,ENTERPRISESEARCH-User,ENTERPRISESEARCH-PowerUser,M3EC-Administrator,M3EC-User,M3EC-ClientDesigntime,M3-DLSubscriptionAdmin,M3BE-FATAdmin-Exporter,M3UI-StartPageAdministrator,M3UI-DebugUser,M3UI-Administrator,M3UI-USER,M3UI-Designer,M3BDP-Administrator,M3BDP-USER,MASHUP-Administrator,MASHUP-User,IECEC-Administrator,IECEC-User,M3BE-FATAdmin,M3BE-FndAdmin,M3BE-FndUser,M3BE-ServicesAdmin,M3BE-CryptoAdmin,M3BE-ExtensionsAdmin,M3BE-ExtensionsViewer,M3BE-DBViewer,M3BE-DBAdmin,M3BE-FndFlagAdmin,M3BE-FileViewer,M3BE-FileAdmin,M3BE-ConfigAdmin,M3BE-ConfigUser,M3BE-LogEnabler,M3BE-SystemAdministrator,M3BE-DBAdmin-ReadToken,EVENTHUB-Administrator,EVENTHUB-User,M3MDP-USER,M3CE_About_Viewer,M3ENTERPRISESEARCH-Administrator,IPW-User,Birst-SystemAdministrator,Birst-User,MONGOOSE-UG-CoreFormsAdmin,MONGOOSE-UG-CoreFormsDeveloper,MONGOOSE-UG-CoreFormsEndUser,MONGOOSE-UG-CoreIDOs,MONGOOSE-LM-MGCoreAutomation,MONGOOSE-LM-MGCoreTrans,MONGOOSE-LM-MGDataViews,MONGOOSE-LM-MGDeveloper,MONGOOSE-LM-MGUserCreatedForms,MONGOOSE-LM-MGUserCreatedIDOs,MONGOOSE-LM-MGPAAS,MONGOOSE-LM-MGM3InterfaceForms,MONGOOSE-LM-MGM3InterfaceIDOs,MONGOOSE-LM-MGAppBuilder,APPBUILDER-Administrator,APPBUILDER-User,APPBUILDER-Designer,LCLLSP-User,LCLLSP-Admin,LCLLSP-PrivilegedUser,LCLLSP-ServiceAdmin,LCLLSP-AppAdmin,LCLLSP-SupAdmin,LCLLSP-StdAdmin,LCLLSP-StdUser,M3A Administrators,M3A Developers,M3A SALES,M3A Procurement,M3A Finance,M3A Production,M3A RENTAL,M3ADISBIRST-Model-Administrator,M3ADISBIRST-Extension-Administrator,M3ADISBIRST-Consumer-Administrator,M3ADISBIRST-User,M3A Warehouse,M3A Default Subject Area,IFSApplicationAdmin,IFS-ShowUserManagementUI,IFS-GroupsAdmin,IFS-GroupsUpdate,IFS-GroupsReadOnlyUser,IFS-ReadOnly,M3MDP-TESTAPI,INBOX-Admin,M3DMP-Contributor,M3UI-Approver,M3A Opportunity Management,IONAPI-Developer,M3CPW-User,IAD-DataMaintainer,IAD-Designer,IAD-Publisher,IAD-TemplateBuilder,M3ACM-User,M3ACM-Viewer,IPI-ModelerAdmin,IPI-ModelerViewer,IPI-ModelerDesigner,PORTAL-ContentPublisher,M3BE-PowerUser,M3BE-LicenseType1,M3BE-LicenseType2,M3BE-LicenseType3,M3BE-LicenseType6-FT,M3BE-LicenseType6-SHUB,M3HealthService-Administrator,IONAPI-BaaS-Administrator,IONAPI-BaaS-DataAdministrator,IONAPI-BaaS-Developer,IONAPI-BaaS-User,M3BE-DBUpdater,DATAFABRIC-HealthServiceAdmin,PORTAL-AnnouncementAdministrator,M3BE-DBAdmin-PrdToken,M3BE-LicenseType4,SMARTHELP-Administrator,DocBits-User,M3BE-FATAdmin-PRD-UpperLimitRuleToken,M3BE-FATAdmin-DeleteData,M3BE-FATAdmin-PRD-DeleteDataToken,M3BE-FATAdmin-PRD-ConfigureUpperLimit,,,,,,,,,,,,,,,,,,,,,,,,,,,,,,,,,,,,,,,,,,,,,,,,,,,,,,,,,,,,,,,,,,,,,,,,,,,,,,,,,,,,,,,,,,,,,,,,,,,,,,,,,,,,,,,,,,,,,,,,,,,,,,,,,,,,,,,,,,,,,,,,,,,,,,,,,,,,,,,,,,,,,,,,,,,,,,,,,,,,,,,,,,,,,,,,,,,,,,,,,,,,,,,,,,,,,,,,,,,,,,,,,,,,,,,,,,,,,,,,,,,,,,,,,,,,,,,,,,,,,,,,,,,,,,,,,,,,,,,,,,,,,,,,,,,,,,,,,,,,,,,,,,,,,,,,,,,,,,,,,,,,,,,,,,,,,,,,,,,,,,,,,,,,,,,,,,,,,,,,,,,,,,,,,,,,,,,,,,,,,,,,,,,,,,,,,,,,,,,,,,,,,,,,,,,,,,,,,,,,,,,,,,,,,,,,,,,,,,,,,,,,,,,,,,,,,,,,,,,,,,,
b1bf061a-e0b1-4cae-bc05-a2a98adbf5db,Sandy,Marino,sandy.marino@doppiogroup.com,Senior Functional Consultant,Active,,b1bf061a-e0b1-4cae-bc05-a2a98adbf5db,sandy.marino@doppiogroup.com,2026-06-25T10:19:53-07:00,2026-08-06T05:10:50-07:00,sandy.marino@doppiogroup.com,SMARINO,,,,,,,,UserAdmin,DataAdministrator,AttributeServiceCaller,Infor-SystemAdministrator,IFS-ExternalEntityAdmin,IFS-ReadOnlyUser,IFS-AuditReportUser,IFS-AuditAdministrator,IFS-MonitorReportUser,IFS-MonitorAdministrator,IFS-PasswordAdmin,MingleEnterprise,Infor-SuiteUser,MingleIONEnabled,MingleAdministrator,MingleDataAdministrator,PORTAL-User,PORTAL-ContentAdministrator,GRID-SystemAdministrator,GRID-Viewer,GRID-Administrator,HOMEPAGES-Administrator,HOMEPAGES-ContentAdministrator,HOMEPAGES-User,HOMEPAGES-ContentSupport,IONDeskSecurityAdmin,IONDeskAdmin,IONContentProvider,IONDeskOAuthGenerator,Mingle-LocatorView,IFSAdminContact,IONAPI-Tracing,IONAPI-User,IONAPI-Administrator,DATALAKE-User,DATALAKE-DataAdministrator,DATALAKE-SystemAdministrator,DECISIONSERVICE-Editor,DECISIONSERVICE-Approver,INBOX-PowerUser,SmartHelpUser,IDM-User,IDM-AdvancedUser,IDM-Administrator,IDM-SuperUser,IDM-RelatedInformationUser,IDM-SignatureUser,GDPR-Collaboration-ChiefDataProtectionOfficer,GDPR-Collaboration-DataProtectionOfficer,GDPR-App-Administrator,DATAFABRIC-SuperAdmin,DATAFABRIC-User,ENTERPRISESEARCH-Admin,ENTERPRISESEARCH-User,ENTERPRISESEARCH-PowerUser,M3EC-Administrator,M3EC-User,M3EC-ClientDesigntime,M3-DLSubscriptionAdmin,M3BE-FATAdmin-Exporter,M3UI-StartPageAdministrator,M3UI-DebugUser,M3UI-Administrator,M3UI-USER,M3UI-Designer,M3BDP-Administrator,M3BDP-USER,MASHUP-Administrator,MASHUP-User,IECEC-Administrator,IECEC-User,M3BE-FATAdmin,M3BE-FndAdmin,M3BE-FndUser,M3BE-ServicesAdmin,M3BE-CryptoAdmin,M3BE-ExtensionsAdmin,M3BE-ExtensionsViewer,M3BE-DBViewer,M3BE-DBAdmin,M3BE-FndFlagAdmin,M3BE-FileViewer,M3BE-FileAdmin,M3BE-ConfigAdmin,M3BE-ConfigUser,M3BE-LogEnabler,M3BE-SystemAdministrator,M3BE-DBAdmin-ReadToken,EVENTHUB-Administrator,EVENTHUB-User,M3MDP-USER,M3CE_About_Viewer,M3ENTERPRISESEARCH-Administrator,IPW-User,Birst-SystemAdministrator,Birst-User,MONGOOSE-UG-CoreFormsAdmin,MONGOOSE-UG-CoreFormsDeveloper,MONGOOSE-UG-CoreFormsEndUser,MONGOOSE-UG-CoreIDOs,MONGOOSE-LM-MGCoreAutomation,MONGOOSE-LM-MGCoreTrans,MONGOOSE-LM-MGDataViews,MONGOOSE-LM-MGDeveloper,MONGOOSE-LM-MGUserCreatedForms,MONGOOSE-LM-MGUserCreatedIDOs,MONGOOSE-LM-MGPAAS,MONGOOSE-LM-MGM3InterfaceForms,MONGOOSE-LM-MGM3InterfaceIDOs,MONGOOSE-LM-MGAppBuilder,APPBUILDER-Administrator,APPBUILDER-User,APPBUILDER-Designer,LCLLSP-User,LCLLSP-Admin,LCLLSP-PrivilegedUser,LCLLSP-ServiceAdmin,LCLLSP-AppAdmin,LCLLSP-SupAdmin,LCLLSP-StdAdmin,LCLLSP-StdUser,M3A Administrators,M3A Developers,M3A SALES,M3A Procurement,M3A Finance,M3A Production,M3A RENTAL,M3ADISBIRST-Model-Administrator,M3ADISBIRST-Extension-Administrator,M3ADISBIRST-Consumer-Administrator,M3ADISBIRST-User,M3A Warehouse,M3A Default Subject Area,IFSApplicationAdmin,IFS-ShowUserManagementUI,IFS-GroupsAdmin,IFS-GroupsUpdate,IFS-GroupsReadOnlyUser,IFS-ReadOnly,M3MDP-TESTAPI,INBOX-Admin,M3DMP-Contributor,M3UI-Approver,M3A Opportunity Management,IONAPI-Developer,M3CPW-User,IAD-DataMaintainer,IAD-Designer,IAD-Publisher,IAD-TemplateBuilder,M3ACM-User,M3ACM-Viewer,IPI-ModelerAdmin,IPI-ModelerViewer,IPI-ModelerDesigner,PORTAL-ContentPublisher,M3BE-PowerUser,M3BE-LicenseType1,M3BE-LicenseType2,M3BE-LicenseType3,M3BE-LicenseType6-FT,M3BE-LicenseType6-SHUB,M3HealthService-Administrator,IONAPI-BaaS-Administrator,IONAPI-BaaS-DataAdministrator,IONAPI-BaaS-Developer,IONAPI-BaaS-User,M3BE-DBUpdater,DATAFABRIC-HealthServiceAdmin,PORTAL-AnnouncementAdministrator,M3BE-DBAdmin-PrdToken,M3BE-LicenseType4,SMARTHELP-Administrator,DocBits-User,M3BE-FATAdmin-PRD-UpperLimitRuleToken,M3BE-FATAdmin-DeleteData,M3BE-FATAdmin-PRD-DeleteDataToken,M3BE-FATAdmin-PRD-ConfigureUpperLimit,,,,,,,,,,,,,,,,,,,,,,,,,,,,,,,,,,,,,,,,,,,,,,,,,,,,,,,,,,,,,,,,,,,,,,,,,,,,,,,,,,,,,,,,,,,,,,,,,,,,,,,,,,,,,,,,,,,,,,,,,,,,,,,,,,,,,,,,,,,,,,,,,,,,,,,,,,,,,,,,,,,,,,,,,,,,,,,,,,,,,,,,,,,,,,,,,,,,,,,,,,,,,,,,,,,,,,,,,,,,,,,,,,,,,,,,,,,,,,,,,,,,,,,,,,,,,,,,,,,,,,,,,,,,,,,,,,,,,,,,,,,,,,,,,,,,,,,,,,,,,,,,,,,,,,,,,,,,,,,,,,,,,,,,,,,,,,,,,,,,,,,,,,,,,,,,,,,,,,,,,,,,,,,,,,,,,,,,,,,,,,,,,,,,,,,,,,,,,,,,,,,,,,,,,,,,,,,,,,,,,,,,,,,,,,,,,,,,,,,,,,,,,,,,,,,,,,,,,,,,,,,
e11cb178-0130-434e-8aa1-af745dad37d0,Jamil,Abella,jamil.abella@infor.com,Technical Support Analyst,Active,,e11cb178-0130-434e-8aa1-af745dad37d0,jamil.abella@infor.com,2026-07-29T10:33:59-07:00,2026-07-29T14:55:58-07:00,jamil.abella@infor.com,,,,,,,,,UserAdmin,DataAdministrator,AttributeServiceCaller,Infor-SystemAdministrator,IFS-ExternalEntityAdmin,IFS-ReadOnlyUser,IFS-AuditReportUser,IFS-AuditAdministrator,IFS-MonitorReportUser,IFS-MonitorAdministrator,IFS-PasswordAdmin,MingleEnterprise,Infor-SuiteUser,MingleIONEnabled,MingleAdministrator,MingleDataAdministrator,PORTAL-User,PORTAL-ContentAdministrator,GRID-SystemAdministrator,GRID-Viewer,GRID-Administrator,HOMEPAGES-Administrator,HOMEPAGES-ContentAdministrator,HOMEPAGES-User,HOMEPAGES-ContentSupport,IONDeskSecurityAdmin,IONDeskAdmin,IONContentProvider,IONDeskOAuthGenerator,Mingle-LocatorView,IFSAdminContact,IONAPI-Tracing,IONAPI-User,IONAPI-Administrator,DATALAKE-User,DATALAKE-DataAdministrator,DATALAKE-SystemAdministrator,DECISIONSERVICE-Editor,DECISIONSERVICE-Approver,INBOX-PowerUser,SmartHelpUser,IDM-User,IDM-AdvancedUser,IDM-Administrator,IDM-SuperUser,IDM-RelatedInformationUser,IDM-SignatureUser,GDPR-Collaboration-ChiefDataProtectionOfficer,GDPR-Collaboration-DataProtectionOfficer,GDPR-App-Administrator,DATAFABRIC-SuperAdmin,DATAFABRIC-User,ENTERPRISESEARCH-Admin,ENTERPRISESEARCH-User,ENTERPRISESEARCH-PowerUser,M3EC-Administrator,M3EC-User,M3EC-ClientDesigntime,M3-DLSubscriptionAdmin,M3BE-FATAdmin-Exporter,M3UI-StartPageAdministrator,M3UI-DebugUser,M3UI-Administrator,M3UI-USER,M3UI-Designer,M3BDP-Administrator,M3BDP-USER,MASHUP-Administrator,MASHUP-User,IECEC-Administrator,IECEC-User,M3BE-FATAdmin,M3BE-FndAdmin,M3BE-FndUser,M3BE-ServicesAdmin,M3BE-CryptoAdmin,M3BE-ExtensionsAdmin,M3BE-ExtensionsViewer,M3BE-DBViewer,M3BE-DBAdmin,M3BE-FndFlagAdmin,M3BE-FileViewer,M3BE-FileAdmin,M3BE-ConfigAdmin,M3BE-ConfigUser,M3BE-LogEnabler,M3BE-SystemAdministrator,M3BE-DBAdmin-ReadToken,EVENTHUB-Administrator,EVENTHUB-User,M3MDP-USER,M3CE_About_Viewer,M3ENTERPRISESEARCH-Administrator,IPW-User,Birst-SystemAdministrator,Birst-User,MONGOOSE-UG-CoreFormsAdmin,MONGOOSE-UG-CoreFormsDeveloper,MONGOOSE-UG-CoreFormsEndUser,MONGOOSE-UG-CoreIDOs,MONGOOSE-LM-MGCoreAutomation,MONGOOSE-LM-MGCoreTrans,MONGOOSE-LM-MGDataViews,MONGOOSE-LM-MGDeveloper,MONGOOSE-LM-MGUserCreatedForms,MONGOOSE-LM-MGUserCreatedIDOs,MONGOOSE-LM-MGPAAS,MONGOOSE-LM-MGM3InterfaceForms,MONGOOSE-LM-MGM3InterfaceIDOs,MONGOOSE-LM-MGAppBuilder,APPBUILDER-Administrator,APPBUILDER-User,APPBUILDER-Designer,LCLLSP-User,LCLLSP-Admin,LCLLSP-PrivilegedUser,LCLLSP-ServiceAdmin,LCLLSP-AppAdmin,LCLLSP-SupAdmin,LCLLSP-StdAdmin,LCLLSP-StdUser,M3A Administrators,M3A Developers,M3A SALES,M3A Procurement,M3A Finance,M3A Production,M3A RENTAL,M3ADISBIRST-Model-Administrator,M3ADISBIRST-Extension-Administrator,M3ADISBIRST-Consumer-Administrator,M3ADISBIRST-User,M3A Warehouse,M3A Default Subject Area,IFSApplicationAdmin,IFS-ShowUserManagementUI,IFS-GroupsAdmin,IFS-GroupsUpdate,IFS-GroupsReadOnlyUser,IFS-ReadOnly,M3MDP-TESTAPI,INBOX-Admin,M3DMP-Contributor,M3UI-Approver,M3A Opportunity Management,IONAPI-Developer,M3CPW-User,IAD-DataMaintainer,IAD-Designer,IAD-Publisher,IAD-TemplateBuilder,M3ACM-User,M3ACM-Viewer,IPI-ModelerAdmin,IPI-ModelerViewer,IPI-ModelerDesigner,PORTAL-ContentPublisher,M3BE-PowerUser,M3BE-LicenseType1,M3BE-LicenseType2,M3BE-LicenseType3,M3BE-LicenseType6-FT,M3BE-LicenseType6-SHUB,M3HealthService-Administrator,IONAPI-BaaS-Administrator,IONAPI-BaaS-DataAdministrator,IONAPI-BaaS-Developer,IONAPI-BaaS-User,M3BE-DBUpdater,DATAFABRIC-HealthServiceAdmin,PORTAL-AnnouncementAdministrator,M3BE-DBAdmin-PrdToken,M3BE-LicenseType4,SMARTHELP-Administrator,DocBits-User,M3BE-FATAdmin-PRD-UpperLimitRuleToken,M3BE-FATAdmin-DeleteData,M3BE-FATAdmin-PRD-DeleteDataToken,M3BE-FATAdmin-PRD-ConfigureUpperLimit,IHS-User,IHS-Administrator,,,,,,,,,,,,,,,,,,,,,,,,,,,,,,,,,,,,,,,,,,,,,,,,,,,,,,,,,,,,,,,,,,,,,,,,,,,,,,,,,,,,,,,,,,,,,,,,,,,,,,,,,,,,,,,,,,,,,,,,,,,,,,,,,,,,,,,,,,,,,,,,,,,,,,,,,,,,,,,,,,,,,,,,,,,,,,,,,,,,,,,,,,,,,,,,,,,,,,,,,,,,,,,,,,,,,,,,,,,,,,,,,,,,,,,,,,,,,,,,,,,,,,,,,,,,,,,,,,,,,,,,,,,,,,,,,,,,,,,,,,,,,,,,,,,,,,,,,,,,,,,,,,,,,,,,,,,,,,,,,,,,,,,,,,,,,,,,,,,,,,,,,,,,,,,,,,,,,,,,,,,,,,,,,,,,,,,,,,,,,,,,,,,,,,,,,,,,,,,,,,,,,,,,,,,,,,,,,,,,,,,,,,,,,,,,,,,,,,,,,,,,,,,,,,,,,,,,,,,,,
9b438866-ebe7-411b-8ffb-cdd978bfe20e,Athar Hussain,Choudhary,athar@doppiogroup.com,Consultant,Active,,9b438866-ebe7-411b-8ffb-cdd978bfe20e,athar@doppiogroup.com,2026-08-06T08:08:45-07:00,2026-08-13T12:21:11-07:00,athar@doppiogroup.com,AHUSSAIN,,,,,,,,UserAdmin,DataAdministrator,AttributeServiceCaller,Infor-SystemAdministrator,IFS-ExternalEntityAdmin,IFS-ReadOnlyUser,IFS-AuditReportUser,IFS-AuditAdministrator,IFS-MonitorReportUser,IFS-MonitorAdministrator,IFS-PasswordAdmin,MingleEnterprise,Infor-SuiteUser,MingleIONEnabled,MingleAdministrator,MingleDataAdministrator,PORTAL-User,PORTAL-ContentAdministrator,GRID-SystemAdministrator,GRID-Viewer,GRID-Administrator,HOMEPAGES-Administrator,HOMEPAGES-ContentAdministrator,HOMEPAGES-User,HOMEPAGES-ContentSupport,IONDeskSecurityAdmin,IONDeskAdmin,IONContentProvider,IONDeskOAuthGenerator,Mingle-LocatorView,IFSAdminContact,IONAPI-Tracing,IONAPI-User,IONAPI-Administrator,DATALAKE-User,DATALAKE-DataAdministrator,DATALAKE-SystemAdministrator,DECISIONSERVICE-Editor,DECISIONSERVICE-Approver,INBOX-PowerUser,SmartHelpUser,IDM-User,IDM-AdvancedUser,IDM-Administrator,IDM-SuperUser,IDM-RelatedInformationUser,IDM-SignatureUser,GDPR-Collaboration-ChiefDataProtectionOfficer,GDPR-Collaboration-DataProtectionOfficer,GDPR-App-Administrator,DATAFABRIC-SuperAdmin,DATAFABRIC-User,ENTERPRISESEARCH-Admin,ENTERPRISESEARCH-User,ENTERPRISESEARCH-PowerUser,M3EC-Administrator,M3EC-User,M3EC-ClientDesigntime,M3-DLSubscriptionAdmin,M3BE-FATAdmin-Exporter,M3UI-StartPageAdministrator,M3UI-DebugUser,M3UI-Administrator,M3UI-USER,M3UI-Designer,M3BDP-Administrator,M3BDP-USER,MASHUP-Administrator,MASHUP-User,IECEC-Administrator,IECEC-User,M3BE-FATAdmin,M3BE-FndAdmin,M3BE-FndUser,M3BE-ServicesAdmin,M3BE-CryptoAdmin,M3BE-ExtensionsAdmin,M3BE-ExtensionsViewer,M3BE-DBViewer,M3BE-DBAdmin,M3BE-FndFlagAdmin,M3BE-FileViewer,M3BE-FileAdmin,M3BE-ConfigAdmin,M3BE-ConfigUser,M3BE-LogEnabler,M3BE-SystemAdministrator,M3BE-DBAdmin-ReadToken,EVENTHUB-Administrator,EVENTHUB-User,M3MDP-USER,M3CE_About_Viewer,M3ENTERPRISESEARCH-Administrator,IPW-User,Birst-SystemAdministrator,Birst-User,MONGOOSE-UG-CoreFormsAdmin,MONGOOSE-UG-CoreFormsDeveloper,MONGOOSE-UG-CoreFormsEndUser,MONGOOSE-UG-CoreIDOs,MONGOOSE-LM-MGCoreAutomation,MONGOOSE-LM-MGCoreTrans,MONGOOSE-LM-MGDataViews,MONGOOSE-LM-MGDeveloper,MONGOOSE-LM-MGUserCreatedForms,MONGOOSE-LM-MGUserCreatedIDOs,MONGOOSE-LM-MGPAAS,MONGOOSE-LM-MGM3InterfaceForms,MONGOOSE-LM-MGM3InterfaceIDOs,MONGOOSE-LM-MGAppBuilder,APPBUILDER-Administrator,APPBUILDER-User,APPBUILDER-Designer,LCLLSP-User,LCLLSP-Admin,LCLLSP-PrivilegedUser,LCLLSP-ServiceAdmin,LCLLSP-AppAdmin,LCLLSP-SupAdmin,LCLLSP-StdAdmin,LCLLSP-StdUser,M3A Administrators,M3A Developers,M3A SALES,M3A Procurement,M3A Finance,M3A Production,M3A RENTAL,M3ADISBIRST-Model-Administrator,M3ADISBIRST-Extension-Administrator,M3ADISBIRST-Consumer-Administrator,M3ADISBIRST-User,M3A Warehouse,M3A Default Subject Area,IFSApplicationAdmin,IFS-ShowUserManagementUI,IFS-GroupsAdmin,IFS-GroupsUpdate,IFS-GroupsReadOnlyUser,IFS-ReadOnly,M3MDP-TESTAPI,INBOX-Admin,M3DMP-Contributor,M3UI-Approver,M3A Opportunity Management,IONAPI-Developer,M3CPW-User,IAD-DataMaintainer,IAD-Designer,IAD-Publisher,IAD-TemplateBuilder,M3ACM-User,M3ACM-Viewer,IPI-ModelerAdmin,IPI-ModelerViewer,IPI-ModelerDesigner,PORTAL-ContentPublisher,M3BE-PowerUser,M3BE-LicenseType1,M3BE-LicenseType2,M3BE-LicenseType3,M3BE-LicenseType6-FT,M3BE-LicenseType6-SHUB,M3HealthService-Administrator,IONAPI-BaaS-Administrator,IONAPI-BaaS-DataAdministrator,IONAPI-BaaS-Developer,IONAPI-BaaS-User,M3BE-DBUpdater,DATAFABRIC-HealthServiceAdmin,PORTAL-AnnouncementAdministrator,M3BE-DBAdmin-PrdToken,M3BE-LicenseType4,SMARTHELP-Administrator,DocBits-User,M3BE-FATAdmin-PRD-UpperLimitRuleToken,M3BE-FATAdmin-DeleteData,M3BE-FATAdmin-PRD-DeleteDataToken,M3BE-FATAdmin-PRD-ConfigureUpperLimit,,,,,,,,,,,,,,,,,,,,,,,,,,,,,,,,,,,,,,,,,,,,,,,,,,,,,,,,,,,,,,,,,,,,,,,,,,,,,,,,,,,,,,,,,,,,,,,,,,,,,,,,,,,,,,,,,,,,,,,,,,,,,,,,,,,,,,,,,,,,,,,,,,,,,,,,,,,,,,,,,,,,,,,,,,,,,,,,,,,,,,,,,,,,,,,,,,,,,,,,,,,,,,,,,,,,,,,,,,,,,,,,,,,,,,,,,,,,,,,,,,,,,,,,,,,,,,,,,,,,,,,,,,,,,,,,,,,,,,,,,,,,,,,,,,,,,,,,,,,,,,,,,,,,,,,,,,,,,,,,,,,,,,,,,,,,,,,,,,,,,,,,,,,,,,,,,,,,,,,,,,,,,,,,,,,,,,,,,,,,,,,,,,,,,,,,,,,,,,,,,,,,,,,,,,,,,,,,,,,,,,,,,,,,,,,,,,,,,,,,,,,,,,,,,,,,,,,,,,,,,,,
